Date,Portfolio_Return,cumulative_return
2021-01-05 00:00:00,0.010930753931528758,0.004732572004253477
2021-01-06 00:00:00,0.005505771460260046,0.0071312836798653745
2021-01-07 00:00:00,0.011831068495365193,0.012288882054563244
2021-01-08 00:00:00,-0.01417165673172905,0.006033415149599541
2021-01-11 00:00:00,0.0007345617201661494,0.006354289350634312
2021-01-12 00:00:00,0.007256462896184623,0.00951927138645825
2021-01-13 00:00:00,-0.003771585907499114,0.007863932556301023
2021-01-14 00:00:00,0.006973743020313061,0.010910408511336733
2021-01-15 00:00:00,-0.013897932994918349,0.004784598360698444
2021-01-19 00:00:00,0.012362859226425693,0.010160664811788012
2021-01-20 00:00:00,0.010788980109140894,0.014879504585792125
2021-01-21 00:00:00,-0.00019377748746472485,0.014794091203571114
2021-01-22 00:00:00,-0.00502409845439441,0.01257671831654572
2021-01-25 00:00:00,0.0010956591961524488,0.013058392312694345
2021-01-26 00:00:00,-0.005587020169606665,0.010596399334155127
2021-01-27 00:00:00,-0.02124594940282728,0.0012149608457441285
2021-01-28 00:00:00,0.005807246090329,0.0037359447507192556
2021-01-29 00:00:00,-0.012336830678729448,-0.0016607770261276578
2021-02-01 00:00:00,0.019624718741303677,0.006801221846184813
2021-02-02 00:00:00,0.0032037714555399055,0.008200797876598998
2021-02-03 00:00:00,-0.0027147191256255755,0.0070112276780960325
2021-02-04 00:00:00,0.0011461383434287257,0.007512316752978254
2021-02-05 00:00:00,0.007306520890056745,0.010702754297836847
2021-02-08 00:00:00,0.01654303305255068,0.01793050895226589
2021-02-09 00:00:00,0.0022374493543540265,0.018919018886680794
2021-02-10 00:00:00,0.0018645857418317533,0.01974368367805268
2021-02-11 00:00:00,0.0034463514498055954,0.021268480921882382
2021-02-12 00:00:00,0.002905954900233354,0.022556304974960417
2021-02-16 00:00:00,-0.0057103416776502335,0.020016287921588383
2021-02-17 00:00:00,-0.009356566610946483,0.015860423041799798
2021-02-18 00:00:00,-0.005392372965487618,0.013477763202162096
2021-02-19 00:00:00,0.009196638375631293,0.017515163866691275
2021-02-22 00:00:00,-0.00273521308714264,0.016305533405455597
2021-02-23 00:00:00,-0.0030502755190919767,0.014958051920932691
2021-02-24 00:00:00,0.013422099057801727,0.020852082870183697
2021-02-25 00:00:00,-0.031503757334457115,0.006758329246625117
2021-02-26 00:00:00,-0.008377022278828906,0.0030869305149592297
2021-03-01 00:00:00,0.018115084148251526,0.01093843964323038
2021-03-02 00:00:00,-0.007866247268367765,0.007477087209450284
2021-03-03 00:00:00,-0.0151766042113195,0.0008079558653029117
2021-03-04 00:00:00,-0.02152198313328627,-0.008604068699901712
2021-03-05 00:00:00,0.0166125775740799,-0.001484715606207776
2021-03-08 00:00:00,-0.011800496188063664,-0.006619183452843069
2021-03-09 00:00:00,0.024513984952606527,0.003884227775288629
2021-03-10 00:00:00,0.005428303496998377,0.006247243524035717
2021-03-11 00:00:00,0.013152312264465272,0.0119736675570834
2021-03-12 00:00:00,0.0009297751105464826,0.01238219126490403
2021-03-15 00:00:00,0.007854318349426,0.015827874449303447
2021-03-16 00:00:00,-0.002561607643421976,0.014696954080667624
2021-03-17 00:00:00,0.006953441511227021,0.01775517288617867
2021-03-18 00:00:00,-0.018466460785903766,0.009549846718911903
2021-03-19 00:00:00,0.0048661185677062796,0.011680428005235832
2021-03-22 00:00:00,0.003260789908278671,0.0131117930720146
2021-03-23 00:00:00,-0.016473925735533558,0.0058293806773970225
2021-03-24 00:00:00,-0.00632387118683635,0.0030619907704629856
2021-03-25 00:00:00,0.005411699689889726,0.005415860139951212
2021-03-26 00:00:00,0.019165547465134304,0.01373951253270711
2021-03-29 00:00:00,-0.013189334257276936,0.007910943456183706
2021-03-30 00:00:00,-0.005133929113065205,0.005660395693862119
2021-03-31 00:00:00,0.012465824974836105,0.011085805859204934
2021-04-01 00:00:00,0.01809154512292276,0.018989693137242636
2021-04-05 00:00:00,0.0076871575617876945,0.022384212843081563
2021-04-06 00:00:00,0.0019214994450667104,0.023236925760691696
2021-04-07 00:00:00,-0.004897302407459581,0.021057610031097296
2021-04-08 00:00:00,0.00924459692222339,0.0251463631877884
2021-04-09 00:00:00,-0.0011960866514818204,0.024613666708917403
2021-04-12 00:00:00,-0.0038483646648965362,0.022899337967970057
2021-04-13 00:00:00,0.0027923006780236456,0.024138810036353986
2021-04-14 00:00:00,-0.002773388631663815,0.02290429918010073
2021-04-15 00:00:00,0.012759961638020635,0.02855248255440679
2021-04-16 00:00:00,0.004031158517461553,0.030351130678105465
2021-04-19 00:00:00,-0.009004963078283806,0.026311315549217396
2021-04-20 00:00:00,-0.007450708617686224,0.02298334964048987
2021-04-21 00:00:00,0.01613086789258883,0.030117481382891498
2021-04-22 00:00:00,-0.009378248658593628,0.025910709312776614
2021-04-23 00:00:00,0.00900420512653287,0.02991233936573434
2021-04-26 00:00:00,0.006101945152752519,0.032636953688427894
2021-04-27 00:00:00,-0.0019555578055539926,0.03175946195404222
2021-04-28 00:00:00,-0.0005909174809184289,0.031494634982054404
2021-04-29 00:00:00,0.0013192185269515263,0.03208538814186723
2021-04-30 00:00:00,-0.011027190568530527,0.027127175651772806
2021-05-03 00:00:00,0.005855762596649744,0.02973497552499893
2021-05-04 00:00:00,-0.007998506575514258,0.026149851100073507
2021-05-05 00:00:00,0.0019528624542607287,0.027019666393279795
2021-05-06 00:00:00,0.009579002598623022,0.03128066046492339
2021-05-07 00:00:00,0.011905269221536518,0.03659494160794785
2021-05-10 00:00:00,-0.01227092255237301,0.031051428543521498
2021-05-11 00:00:00,-0.004283927042902846,0.02913084232148644
2021-05-12 00:00:00,-0.024390461790027334,0.018153447665943734
2021-05-13 00:00:00,0.011941228142082715,0.02341587711340498
2021-05-14 00:00:00,0.018469301750487756,0.03158233869425109
2021-05-17 00:00:00,0.0026120877565376623,0.032751718040306965
2021-05-18 00:00:00,-0.004504556459392339,0.03072876142529246
2021-05-19 00:00:00,0.00010993868500684938,0.03077797282747685
2021-05-20 00:00:00,0.010630788197986407,0.03552273289665675
2021-05-21 00:00:00,0.00039796148352266305,0.03570168471314572
2021-05-24 00:00:00,0.008485301701702253,0.039509249358078646
2021-05-25 00:00:00,0.0018734731972488649,0.0403545869402262
2021-05-26 00:00:00,0.00425311533715238,0.04227392397179641
2021-05-27 00:00:00,0.003730245724848025,0.04396065582148312
2021-05-28 00:00:00,0.0030855012521959773,0.04535836104030588
2021-06-01 00:00:00,0.0021953785964392404,0.04635443015923535
2021-06-02 00:00:00,0.0018812519843664334,0.04720886543354763
2021-06-03 00:00:00,-0.013862178476847203,0.04087948778953199
2021-06-04 00:00:00,0.011805968339517647,0.04619864205182589
2021-06-07 00:00:00,0.0023698932341588374,0.047274701798409646
2021-06-08 00:00:00,0.000164731938347462,0.047349622614276665
2021-06-09 00:00:00,-0.003694746374874486,0.04566727734719511
2021-06-10 00:00:00,0.0035136188633155536,0.047261325502137685
2021-06-11 00:00:00,-0.0018466089813570458,0.04642101204212512
2021-06-14 00:00:00,-0.0008231720094834748,0.046046830372224345
2021-06-15 00:00:00,-0.003571485980223155,0.04442268943723393
2021-06-16 00:00:00,-0.010020998474569642,0.03986434310417697
2021-06-17 00:00:00,-0.014597412192409991,0.033244616132950267
2021-06-18 00:00:00,-0.01525869927295424,0.0263677534544704
2021-06-21 00:00:00,0.014466800790647572,0.032790080129560195
2021-06-22 00:00:00,0.0028774849346791306,0.0340796840354769
2021-06-23 00:00:00,0.00038664097568677497,0.03425330361764756
2021-06-24 00:00:00,0.007296958753822214,0.03752414308405716
2021-06-25 00:00:00,0.0025799865231281027,0.0386858146028175
2021-06-28 00:00:00,0.0017524532088014357,0.03947594689654643
2021-06-29 00:00:00,-0.0026965888628467166,0.0382576725892525
2021-06-30 00:00:00,0.0027005835514157025,0.03947446271156263
2021-07-01 00:00:00,0.0018166267762924904,0.04029413611588706
2021-07-02 00:00:00,0.003985008002577417,0.042092513681873056
2021-07-06 00:00:00,-0.0017111260550072556,0.041317725610650946
2021-07-07 00:00:00,-0.0011464020385314633,0.040799110210151035
2021-07-08 00:00:00,-0.007156331248404273,0.03755778090826878
2021-07-09 00:00:00,0.01263980685271333,0.04323311932797447
2021-07-12 00:00:00,0.0030971708815407447,0.04463512842529638
2021-07-13 00:00:00,-0.005686488816823809,0.04205112444055459
2021-07-14 00:00:00,0.0011953133011775754,0.042591889126725846
2021-07-15 00:00:00,-0.005281895819877286,0.04019670652988383
2021-07-16 00:00:00,-0.012518725610510734,0.034521193819984974
2021-07-19 00:00:00,-0.00922379999310478,0.03036619750994518
2021-07-20 00:00:00,0.013979865215935326,0.03659738265315027
2021-07-21 00:00:00,0.009003296312101639,0.04064028968754152
2021-07-22 00:00:00,-0.0028612558351645495,0.03934611320783721
2021-07-23 00:00:00,0.005406077451674984,0.041782599895035855
2021-07-26 00:00:00,-5.363026472489096e-05,0.04175833502667281
2021-07-27 00:00:00,-0.004785041666712763,0.03959050167642597
2021-07-28 00:00:00,0.00696522884789093,0.04272904873307981
2021-07-29 00:00:00,0.011082037782400023,0.04773192522922032
2021-07-30 00:00:00,-0.004331815389820671,0.04575842385107198
2021-08-02 00:00:00,-0.0007639347786516703,0.04541139479811651
2021-08-03 00:00:00,0.005283807791345984,0.047806754739841084
2021-08-04 00:00:00,-0.0028528693744071464,0.046507488291856136
2021-08-05 00:00:00,0.0030857023640542547,0.047908694578311595
2021-08-06 00:00:00,-0.008501435420379021,0.044030337984995116
2021-08-09 00:00:00,-0.009447461816948194,0.039735198138566075
2021-08-10 00:00:00,3.991625266947511e-05,0.03975322216922428
2021-08-11 00:00:00,0.00787749742099943,0.0433024841800731
2021-08-12 00:00:00,-0.0015561120834139352,0.04259709840705339
2021-08-13 00:00:00,0.005544291810520092,0.04510359585749435
2021-08-16 00:00:00,0.0003554232935417844,0.04526490013545015
2021-08-17 00:00:00,-0.007652614374390821,0.04178342486765607
2021-08-18 00:00:00,-0.006790290974225549,0.038705298596013016
2021-08-19 00:00:00,-0.0015647994876673513,0.03799909863333917
2021-08-20 00:00:00,0.006358866555122466,0.04086051956622816
2021-08-23 00:00:00,0.01481374098448628,0.047529078987132545
2021-08-24 00:00:00,0.0029930671228902473,0.048889582291433475
2021-08-25 00:00:00,0.0011311025463781599,0.04940466524447218
2021-08-26 00:00:00,-0.003817424319223512,0.04766298928189938
2021-08-27 00:00:00,0.017527721358219072,0.05559882124251181
2021-08-30 00:00:00,-0.0016523973102532897,0.05484094062941858
2021-08-31 00:00:00,-0.000500716341010282,0.05461152416947823
2021-09-01 00:00:00,0.0004389244893517719,0.054812531884860016
2021-09-02 00:00:00,0.0015331005917089246,0.055514539826095666
2021-09-03 00:00:00,0.0047995396842151206,0.057711689333517
2021-09-07 00:00:00,-0.012057087469033029,0.05215415726800887
2021-09-08 00:00:00,-0.005398096548410758,0.04968374855439861
2021-09-09 00:00:00,0.0009257636181672746,0.05010566767958591
2021-09-10 00:00:00,-0.0048631133194014025,0.04788476154703747
2021-09-13 00:00:00,0.003853774552724054,0.04963667009002348
2021-09-14 00:00:00,-0.001149569143205353,0.0491124668746481
2021-09-15 00:00:00,0.0027594169808657807,0.05036874291331639
2021-09-16 00:00:00,-0.009459652613387822,0.046041935845097415
2021-09-17 00:00:00,-0.006781272301685858,0.04295533998535772
2021-09-20 00:00:00,-0.0104439648229877,0.03821069739403038
2021-09-21 00:00:00,0.002512706777490248,0.03934284552035572
2021-09-22 00:00:00,0.008146690808602941,0.04301166812314272
2021-09-23 00:00:00,0.004930897267704915,0.04524213022000767
2021-09-24 00:00:00,-0.0008023894256872777,0.04487780854407308
2021-09-27 00:00:00,0.0020155150950097456,0.04579189752349322
2021-09-28 00:00:00,-0.020459309878606665,0.0364452986137751
2021-09-29 00:00:00,-0.003136317439862241,0.03503231722884559
2021-09-30 00:00:00,-0.0005050629709065948,0.034805254525021256
2021-10-01 00:00:00,0.008994795509970722,0.03883737091869355
2021-10-04 00:00:00,-0.007520583132721353,0.03543712846308167
2021-10-05 00:00:00,0.004447391832301218,0.03743454222388709
2021-10-06 00:00:00,0.002540934767658282,0.03857854400464844
2021-10-07 00:00:00,0.005765711641865045,0.041174933579381845
2021-10-08 00:00:00,-0.0032382324808249985,0.03970933741484339
2021-10-11 00:00:00,-0.005412836427476914,0.037261472471505463
2021-10-12 00:00:00,0.000926979476212997,0.037678945906883365
2021-10-13 00:00:00,0.011141739541303852,0.04268433009557371
2021-10-14 00:00:00,0.014028325598478707,0.04901178214019253
2021-10-15 00:00:00,-0.0035523873901696927,0.04739175620094693
2021-10-18 00:00:00,0.0017776138455883436,0.04819994470740285
2021-10-19 00:00:00,0.0059667166301338725,0.0509115879769344
2021-10-20 00:00:00,0.006407699588982617,0.0538308119451838
2021-10-21 00:00:00,0.0028373982060862064,0.05512837155725547
2021-10-22 00:00:00,0.0011417248337585067,0.05565138261338176
2021-10-25 00:00:00,0.006192102241162539,0.05848527980041762
2021-10-26 00:00:00,-0.0036384740365423274,0.056810969344086804
2021-10-27 00:00:00,-0.006810531957591504,0.05367911576004758
2021-10-28 00:00:00,0.01043849405496614,0.05844181673915272
2021-10-29 00:00:00,-0.002939459210935791,0.05708949437353139
2021-11-01 00:00:00,0.00923973210512231,0.061320312882020334
2021-11-02 00:00:00,0.001827684511434824,0.06216230428998393
2021-11-03 00:00:00,0.003402245329140629,0.06373022257784355
2021-11-04 00:00:00,0.01092475372974796,0.06876164751358949
2021-11-05 00:00:00,0.011759830774405755,0.07420201293376172
2021-11-08 00:00:00,0.0055922235901088805,0.07680678245127637
2021-11-09 00:00:00,0.0013756351242367572,0.07744984979131164
2021-11-10 00:00:00,-0.006293901169236393,0.074499481003798
2021-11-11 00:00:00,0.007298840266018058,0.07789847392930271
2021-11-12 00:00:00,0.0051205388179146934,0.0802920654571464
2021-11-15 00:00:00,-0.0004998209042132662,0.0800575338801306
2021-11-16 00:00:00,0.0017518065996720454,0.08087883479960123
2021-11-17 00:00:00,-0.0008614366251222694,0.08047436089148152
2021-11-18 00:00:00,0.0015642807496534683,0.08120806581551654
2021-11-19 00:00:00,-0.004872726463441019,0.07891685365381074
2021-11-22 00:00:00,-0.012593823709820502,0.07299463542373164
2021-11-23 00:00:00,-0.00399765883788617,0.07112963292926122
2021-11-24 00:00:00,0.0020775700379733752,0.07209552145945608
2021-11-26 00:00:00,-0.02047823294423489,0.06250492372784411
2021-11-29 00:00:00,0.009911031615316373,0.06706551555644236
2021-11-30 00:00:00,-0.0191497222678794,0.05814258360852165
2021-12-01 00:00:00,-0.008136308923565538,0.054394937986520064
2021-12-02 00:00:00,0.010848471392881618,0.05934748945567736
2021-12-03 00:00:00,-0.004612226289887195,0.05722277325630931
2021-12-06 00:00:00,0.007032376111025246,0.06044526153421348
2021-12-07 00:00:00,0.019921712414344015,0.0695689483049513
2021-12-08 00:00:00,0.0020465400506355204,0.07051903260426817
2021-12-09 00:00:00,-0.012909778557894373,0.06449494611130979
2021-12-10 00:00:00,0.005525978155622002,0.06704564787779921
2021-12-13 00:00:00,-0.008701662082239396,0.06300322256424229
2021-12-14 00:00:00,-0.00896535224142389,0.05885376486313576
2021-12-15 00:00:00,0.015831310768636753,0.06610152882503972
2021-12-16 00:00:00,-0.007871570652386296,0.06244882769598359
2021-12-17 00:00:00,-0.004460123288087925,0.06038825464059894
2021-12-20 00:00:00,-0.009945386940638401,0.05579524603933739
2021-12-21 00:00:00,0.018968005711029114,0.06444636467392995
2021-12-22 00:00:00,0.011132804957834997,0.06957676060330309
2021-12-23 00:00:00,0.005179159985821913,0.07197902403875567
2021-12-27 00:00:00,0.012208596243949755,0.0776432885746503
2021-12-28 00:00:00,-0.00383151766927125,0.07584813532707124
2021-12-29 00:00:00,0.0013253475941422343,0.07646715200660048
2021-12-30 00:00:00,-0.00028707812101425007,0.07633293101058136
2021-12-31 00:00:00,0.0014775083466612826,0.07702329715431344
2022-01-03 00:00:00,-0.0010434679355743497,0.07653507582460017
2022-01-04 00:00:00,0.0031192187718375513,0.07799212972071956
2022-01-05 00:00:00,-0.01928456625139102,0.06891400192768482
2022-01-06 00:00:00,-0.002179556257111137,0.06790157631736715
2022-01-07 00:00:00,-0.006399375578189248,0.06492825963476978
2022-01-10 00:00:00,-0.00014358888943636358,0.06486184815772944
2022-01-11 00:00:00,0.012756376005598825,0.07074006267658528
2022-01-12 00:00:00,0.002460709710669534,0.07188353788331137
2022-01-13 00:00:00,-0.009399881788092968,0.06749607808091329
2022-01-14 00:00:00,0.002536536228565322,0.06867119310179692
2022-01-18 00:00:00,-0.019469283052524405,0.05958487536122292
2022-01-19 00:00:00,-0.004595358436343072,0.05746746544110093
2022-01-20 00:00:00,-0.014056533472704896,0.05098611372371842
2022-01-21 00:00:00,-0.013770123970204383,0.04467625534167041
2022-01-24 00:00:00,0.01041209695269622,0.04938635655277501
2022-01-25 00:00:00,-0.012456002849336794,0.04368949271863487
2022-01-26 00:00:00,-0.008930664363410763,0.03963122968509136
2022-01-27 00:00:00,-0.017702323374512108,0.03159812789672145
2022-01-28 00:00:00,0.013656523251271147,0.03769302066479452
2022-01-31 00:00:00,0.023802221720480358,0.04834849864609092
2022-02-01 00:00:00,0.005249556489196394,0.05073504032679943
2022-02-02 00:00:00,0.0077196502787515164,0.054250075163204015
2022-02-03 00:00:00,-0.01873608356223891,0.045625754115481865
2022-02-04 00:00:00,0.0036046135470010126,0.04726097755479852
2022-02-07 00:00:00,0.0029906985154358025,0.0486200571858213
2022-02-08 00:00:00,0.010834356022208792,0.053539094533553655
2022-02-09 00:00:00,0.015896350663001213,0.06077997499615684
2022-02-10 00:00:00,-0.01510993176184472,0.053788979628192735
2022-02-11 00:00:00,-0.008381434051720722,0.0499440430389575
2022-02-14 00:00:00,-0.0007754600475310071,0.04959036737350875
2022-02-15 00:00:00,0.015391495816862243,0.05657599193219798
2022-02-16 00:00:00,0.005344600133766297,0.05902474538095803
2022-02-17 00:00:00,-0.013088199020961741,0.05298266987887712
2022-02-18 00:00:00,-0.006159393937344837,0.050161027795839086
2022-02-22 00:00:00,-0.007665101500860838,0.04665752500012821
2022-02-23 00:00:00,-0.012379692248637386,0.04101040896177355
2022-02-24 00:00:00,0.01400252433475202,0.04731612954208475
2022-02-25 00:00:00,0.014214481844843528,0.05375569227792587
2022-02-28 00:00:00,0.0020567363160586935,0.05469639068065191
2022-03-01 00:00:00,-0.007352721727377148,0.05132145378503372
2022-03-02 00:00:00,0.013568101398732536,0.05749281168465625
2022-03-03 00:00:00,-0.004647631118816575,0.05535551250116577
2022-03-04 00:00:00,-0.003322727242182965,0.053831156264944946
2022-03-07 00:00:00,-0.019348064888232243,0.04492711194550547
2022-03-08 00:00:00,0.011768093635210515,0.05024987636841627
2022-03-09 00:00:00,0.009627518375481812,0.054629259665659013
2022-03-10 00:00:00,-0.0038055871586695324,0.05288434592553237
2022-03-11 00:00:00,-0.014390885983620899,0.04627695401563203
2022-03-14 00:00:00,-0.0162308123805311,0.038867649060502885
2022-03-15 00:00:00,0.009660670180730689,0.04321444644693839
2022-03-16 00:00:00,0.024601230552944144,0.05428375739937197
2022-03-17 00:00:00,0.010628021220898854,0.05913545726639735
2022-03-18 00:00:00,0.005775506452096924,0.06178772874309879
2022-03-21 00:00:00,0.0015914817228163904,0.06252127632017168
2022-03-22 00:00:00,0.003477306096065491,0.06412429386401408
2022-03-23 00:00:00,-0.006660963033209598,0.06104015434391097
2022-03-24 00:00:00,0.01807737067103218,0.06932808035224647
2022-03-25 00:00:00,-0.0002966084515987511,0.06919032285487758
2022-03-28 00:00:00,-0.0037312283766078487,0.06745591926554484
2022-03-29 00:00:00,0.013880041776969188,0.0738654897173272
2022-03-30 00:00:00,-0.007510292956101888,0.0703554155151922
2022-03-31 00:00:00,-0.01037335180407216,0.06551914299800266
2022-04-01 00:00:00,-0.0020722470839890593,0.06455964988076857
2022-04-04 00:00:00,0.006819571655410789,0.06770649848227284
2022-04-05 00:00:00,-0.01837558967368606,0.05914103808326154
2022-04-06 00:00:00,-0.007480201694913518,0.05569299312424314
2022-04-07 00:00:00,0.002167867001195928,0.05668631157068571
2022-04-08 00:00:00,-0.0019960245173961883,0.05576979220642997
2022-04-11 00:00:00,-0.008469335409308278,0.051877130802411964
2022-04-12 00:00:00,0.001276697097770408,0.05246014675798061
2022-04-13 00:00:00,0.013781845230146183,0.058735138628430716
2022-04-14 00:00:00,-0.012423779603190103,0.05300244415875155
2022-04-18 00:00:00,0.0025110069744592126,0.05414994615100377
2022-04-19 00:00:00,0.008048494400772597,0.05782628619036512
2022-04-20 00:00:00,0.0034698417911143645,0.05941879799710592
2022-04-21 00:00:00,-0.015623625942077841,0.05219834315121341
2022-04-22 00:00:00,-0.023376494489485772,0.0414446214558577
2022-04-25 00:00:00,-0.0018866861793899968,0.04059082943747794
2022-04-26 00:00:00,-0.022444008090042492,0.030382712878768592
2022-04-27 00:00:00,-0.0038690506514064754,0.028649454648514983
2022-04-28 00:00:00,0.023849744355855053,0.03923301859686279
2022-04-29 00:00:00,-0.02652083088750172,0.027172232858509338
2022-05-02 00:00:00,0.00041665983255580966,0.027358080922825767
2022-05-03 00:00:00,0.006338327467068948,0.030181036784226345
2022-05-04 00:00:00,0.025740798832109724,0.041614778442572886
2022-05-05 00:00:00,-0.0297840617311232,0.028026130337854838
2022-05-06 00:00:00,-0.006346740343505841,0.02518742229837989
2022-05-09 00:00:00,-0.033784563477486484,0.009999078535352757
2022-05-10 00:00:00,-0.000766125761065035,0.009662954557892567
2022-05-11 00:00:00,-0.009900027697771723,0.0053096617180605765
2022-05-12 00:00:00,-0.002696481010146334,0.004131477736818656
2022-05-13 00:00:00,0.019981573197749725,0.012796475620701742
2022-05-16 00:00:00,-0.0018307412592134585,0.011990803177331921
2022-05-17 00:00:00,0.01850342597121169,0.020080940156863347
2022-05-18 00:00:00,-0.02924840809884201,0.007014576339098522
2022-05-19 00:00:00,0.00488378738086811,0.009147513187218514
2022-05-20 00:00:00,0.0007093086790803504,0.009458317567296204
2022-05-23 00:00:00,0.01102780223624663,0.014277935922758056
2022-05-24 00:00:00,-0.006870231822146067,0.011245728932429477
2022-05-25 00:00:00,0.00838086951500918,0.014917738807262326
2022-05-26 00:00:00,0.016524221467738742,0.022167420651641345
2022-05-27 00:00:00,0.02145112418166596,0.03163289903461908
2022-05-31 00:00:00,-0.010614899094549041,0.026862720742070856
2022-06-01 00:00:00,-0.004002304797246859,0.02507582482171311
2022-06-02 00:00:00,0.02231935945048932,0.03495005582082267
2022-06-03 00:00:00,-0.016878155599196594,0.027327239271675463
2022-06-06 00:00:00,0.0008482172173767674,0.02770559127325445
2022-06-07 00:00:00,0.010271287206739997,0.03227669490332841
2022-06-08 00:00:00,-0.011376402058884466,0.027160006769212153
2022-06-09 00:00:00,-0.018298627362560858,0.01895451588213959
2022-06-10 00:00:00,-0.01662585719132311,0.011562233638024555
2022-06-13 00:00:00,-0.04481896694781845,-0.008383072485167897
2022-06-14 00:00:00,-0.004508743338149773,-0.010327261879181426
2022-06-15 00:00:00,0.015715697569091882,-0.003602289798389835
2022-06-16 00:00:00,-0.027554499573421258,-0.01562024107461546
2022-06-17 00:00:00,0.0001390412346757683,-0.015560801796973944
2022-06-21 00:00:00,0.015276876190369583,-0.009057379573940816
2022-06-22 00:00:00,-0.00047310580863634265,-0.009261013074358448
2022-06-23 00:00:00,0.002306043952734343,-0.00826943225846577
2022-06-24 00:00:00,0.02437593556024589,0.0021578787434655133
2022-06-27 00:00:00,-0.0003766627400710711,0.0019939257334651295
2022-06-28 00:00:00,-0.01478185096922666,-0.004465655151734804
2022-06-29 00:00:00,-0.005859391358786276,-0.007003204229873772
2022-06-30 00:00:00,-0.00872591870491799,-0.010775613481287083
2022-07-01 00:00:00,0.0008317710412737882,-0.010418356455921485
2022-07-05 00:00:00,-0.0070895605856689855,-0.013471368448362053
2022-07-06 00:00:00,-0.006967266281758678,-0.016462355693048214
2022-07-07 00:00:00,0.017343994074464096,-0.009089974571579007
2022-07-08 00:00:00,3.499209518209015e-05,-0.009074915985970766
2022-07-11 00:00:00,-0.013022338309608316,-0.014699906233647808
2022-07-12 00:00:00,-0.005704135579521563,-0.017144715058558302
2022-07-13 00:00:00,0.0006027696437207353,-0.0168874675170001
2022-07-14 00:00:00,-0.0062476498749199525,-0.019559695624245976
2022-07-15 00:00:00,0.014766626783527213,-0.013298130230164462
2022-07-18 00:00:00,-0.003354341600544636,-0.014736896108889952
2022-07-19 00:00:00,0.025521431599291024,-0.0038942199188930493
2022-07-20 00:00:00,0.005457638240560803,-0.0015368622503806328
2022-07-21 00:00:00,0.013037083132222127,0.004095663354674928
2022-07-22 00:00:00,-0.008336131382961614,0.00045189098231501745
2022-07-25 00:00:00,4.66562393142692e-06,0.00045391815001405433
2022-07-26 00:00:00,-0.008581967283458175,-0.003283966844347286
2022-07-27 00:00:00,0.026653420806357575,0.008167662498197226
2022-07-28 00:00:00,0.01426774035359797,0.014389648669548505
2022-07-29 00:00:00,0.009346152734351375,0.018496206668358495
2022-08-01 00:00:00,0.0013775546376198489,0.019105299415645094
2022-08-02 00:00:00,-0.006041195779286241,0.01642693231326775
2022-08-03 00:00:00,0.011432404493711601,0.021457300281180647
2022-08-04 00:00:00,0.006572852221388342,0.024367702343558895
2022-08-05 00:00:00,-0.004218913304971572,0.022488559127545216
2022-08-08 00:00:00,0.0024076243890270247,0.023556964386963752
2022-08-09 00:00:00,-0.009599634036464749,0.019278040428069243
2022-08-10 00:00:00,0.018087748080064834,0.027244304399286268
2022-08-11 00:00:00,0.0007237485967513946,0.027567121777594572
2022-08-12 00:00:00,0.017445581292631962,0.035314433015675606
2022-08-15 00:00:00,-0.002072885606574171,0.03438185160807494
2022-08-16 00:00:00,-0.0013163161481813792,0.03379030742002476
2022-08-17 00:00:00,-0.011761547165920006,0.02849205634165175
2022-08-18 00:00:00,0.0031723715587886336,0.029907785157035516
2022-08-19 00:00:00,-0.01569137225661578,0.022857888703256446
2022-08-22 00:00:00,-0.02115386142574522,0.013404032288707901
2022-08-23 00:00:00,0.003441748729044436,0.014917328216383918
2022-08-24 00:00:00,0.0032809868704333227,0.01636215882142844
2022-08-25 00:00:00,0.015478226472409784,0.02316458330456328
2022-08-26 00:00:00,-0.032129353665887324,0.008755785359052526
2022-08-29 00:00:00,-0.006939035880853712,0.005709825729124596
2022-08-30 00:00:00,-0.012059533764294887,0.00042445109760214095
2022-08-31 00:00:00,-0.008713659021190501,-0.0033708228955884323
2022-09-01 00:00:00,-0.009469031637571552,-0.007480340813638131
2022-09-02 00:00:00,-0.0023542381508079575,-0.008495801886354792
2022-09-06 00:00:00,-0.007269308373980416,-0.011632461651749693
2022-09-07 00:00:00,0.018055828119189876,-0.003921344918164427
2022-09-08 00:00:00,0.003563464263432514,-0.0023813715717529993
2022-09-09 00:00:00,0.016273681476036236,0.004637185840276947
2022-09-12 00:00:00,0.008081576464474284,0.008155219039668538
2022-09-13 00:00:00,-0.03841513651905622,-0.00885083537037723
2022-09-14 00:00:00,0.0009381848244294775,-0.008447100252080064
2022-09-15 00:00:00,-0.016271159595650293,-0.015486408211240144
2022-09-16 00:00:00,-0.002890788719150439,-0.01672343150735245
2022-09-19 00:00:00,0.006856512921616454,-0.013801142089800877
2022-09-20 00:00:00,-0.012948733706948691,-0.019367545029141953
2022-09-21 00:00:00,-0.008105450923678897,-0.022827468748071178
2022-09-22 00:00:00,-0.013629769819306735,-0.028634138579404
2022-09-23 00:00:00,-0.020476670759542123,-0.037322976643327066
2022-09-26 00:00:00,-0.013868308356869868,-0.043144023154295774
2022-09-27 00:00:00,0.0007670514550411287,-0.042825338475126595
2022-09-28 00:00:00,0.024301589747835382,-0.03279184483891151
2022-09-29 00:00:00,-0.017068644097544956,-0.03999650945215505
2022-09-30 00:00:00,-0.008419545420055862,-0.043515218560574276
2022-10-03 00:00:00,0.03164968794218486,-0.030483853286381146
2022-10-04 00:00:00,0.03254446178596201,-0.016904869792196187
2022-10-05 00:00:00,-0.0026336311752378555,-0.018030144750244892
2022-10-06 00:00:00,-0.0073194409351164495,-0.02115811074035201
2022-10-07 00:00:00,-0.02956658036716162,-0.0338337977034977
2022-10-10 00:00:00,-0.015622162844522386,-0.04041807130351516
2022-10-11 00:00:00,-0.0077976539637014015,-0.04367487107923029
2022-10-12 00:00:00,-0.0017163309150989626,-0.04438805555069114
2022-10-13 00:00:00,0.016430370040882956,-0.03760059375810909
2022-10-14 00:00:00,-0.026282366786175584,-0.048668499766121975
2022-10-17 00:00:00,0.020527307998219092,-0.04023619967351266
2022-10-18 00:00:00,0.008845233015056542,-0.036558510401044964
2022-10-19 00:00:00,-0.011357951889205908,-0.04132623296449789
2022-10-20 00:00:00,-0.00550519671754684,-0.043621883011116136
2022-10-21 00:00:00,0.025851682443403235,-0.03296186626494446
2022-10-24 00:00:00,0.005580566925422736,-0.03062183231305171
2022-10-25 00:00:00,0.015505843092979199,-0.024122341838719308
2022-10-26 00:00:00,0.00048418362220733514,-0.023917164064199303
2022-10-27 00:00:00,-0.0035008631965331156,-0.025402678074917695
2022-10-28 00:00:00,0.014816514655033176,-0.01915748780550819
2022-10-31 00:00:00,-0.008093412729495209,-0.022613001050955428
2022-11-01 00:00:00,0.005323666635149255,-0.0203566375000388
2022-11-02 00:00:00,-0.02426601045136197,-0.03075247458801822
2022-11-03 00:00:00,-0.007120964085593307,-0.03375602507386999
2022-11-04 00:00:00,0.027633047405127887,-0.022249596272324812
2022-11-07 00:00:00,0.006365647166257994,-0.019551392156573533
2022-11-08 00:00:00,0.015429680627913132,-0.013009826410866898
2022-11-09 00:00:00,-0.018599139902076966,-0.021024596795192085
2022-11-10 00:00:00,0.06179626393195235,0.004803933779091052
2022-11-11 00:00:00,0.01261643777267354,0.010289986215931801
2022-11-14 00:00:00,-0.005830975826946616,0.007727335125671919
2022-11-15 00:00:00,0.012610579025745063,0.013226802853073538
2022-11-16 00:00:00,-0.012919976842892185,0.007520593739236414
2022-11-17 00:00:00,-0.005395804226316293,0.005155988648893883
2022-11-18 00:00:00,0.0006080183414858382,0.005421363512309707
2022-11-21 00:00:00,-0.006244124188095978,0.0026900420459206043
2022-11-22 00:00:00,0.012017165609687509,0.007905393239180825
2022-11-23 00:00:00,0.006738802562253677,0.01084955130902987
2022-11-25 00:00:00,-0.0004871513479140665,0.010635659282148602
2022-11-28 00:00:00,-0.016998766189727885,0.003138476182993788
2022-11-29 00:00:00,0.0022000253648418065,0.004096337995694199
2022-11-30 00:00:00,0.030560230653038454,0.017309451819256694
2022-12-01 00:00:00,0.007419817914412519,0.020580762112337947
2022-12-02 00:00:00,-0.0036036064342122587,0.018981895171640284
2022-12-05 00:00:00,-0.021745693411412487,0.009298722277193416
2022-12-06 00:00:00,-0.00990551482555449,0.004944581104316281
2022-12-07 00:00:00,0.002385466876763159,0.005984997161245786
2022-12-08 00:00:00,0.007865306092764101,0.009413686502368623
2022-12-09 00:00:00,-0.004338921069061452,0.007509238448604405
2022-12-12 00:00:00,0.00755067794080677,0.01080605219803843
2022-12-13 00:00:00,0.013455676661910112,0.01669060104379505
2022-12-14 00:00:00,-0.007843931127323657,0.013219451378249092
2022-12-15 00:00:00,-0.02697480675328668,0.0012577122067842783
2022-12-16 00:00:00,-0.004324775423252808,-0.0006251818458725689
2022-12-19 00:00:00,-0.008186733058567226,-0.0041866753766671705
2022-12-20 00:00:00,0.0072167655226909435,-0.00107194293511792
2022-12-21 00:00:00,0.012173594227705654,0.004191244087298873
2022-12-22 00:00:00,-0.019460418536746904,-0.004342927276568931
2022-12-23 00:00:00,0.004780177629435828,-0.0022787262438812572
2022-12-27 00:00:00,-0.0001997959550776917,-0.002365303691932885
2022-12-28 00:00:00,-0.012705005571174065,-0.007889880491032786
2022-12-29 00:00:00,0.018470969582206186,2.748450532985558e-05
2022-12-30 00:00:00,-0.0008792144624268361,-0.00035445898356489813
2023-01-03 00:00:00,-0.00025347688828468136,-0.0004645114681822715
2023-01-04 00:00:00,0.014024637958129426,0.00559950683767485
2023-01-05 00:00:00,-0.014211846882246288,-0.0006323174853388736
2023-01-06 00:00:00,0.02765725149879208,0.011278906228265884
2023-01-09 00:00:00,0.0049450979142812495,0.013447727839488666
2023-01-10 00:00:00,0.008880955815647018,0.017346771452415588
2023-01-11 00:00:00,0.00882390663963497,0.021235735310934478
2023-01-12 00:00:00,0.01076642423521601,0.025996367467309156
2023-01-13 00:00:00,0.00741728914155665,0.02929448975282578
2023-01-17 00:00:00,-0.0020250317195934617,0.028388747268559777
2023-01-18 00:00:00,-0.011721682771914987,0.023136103319311152
2023-01-19 00:00:00,-0.0023697945590978923,0.022082396499584878
2023-01-20 00:00:00,0.014122623142886072,0.028326354826613942
2023-01-23 00:00:00,0.01512412377984177,0.0350520663108298
2023-01-24 00:00:00,-0.0008838005075602006,0.03465468324280674
2023-01-25 00:00:00,0.003038724084841815,0.036018946419160036
2023-01-26 00:00:00,0.004723026382588657,0.03814118026882296
2023-01-27 00:00:00,0.0004560873567957646,0.03834678483080567
2023-01-30 00:00:00,-0.011952216890073156,0.03293861715379154
2023-01-31 00:00:00,0.01453977423106555,0.03943453020289689
2023-02-01 00:00:00,0.01912424344368808,0.048021370358463766
2023-02-02 00:00:00,0.005223867134545946,0.05039550932880643
2023-02-03 00:00:00,-0.019047213340055005,0.04165924953582456
2023-02-06 00:00:00,-0.007146254896055653,0.0384198184824438
2023-02-07 00:00:00,0.011429087886965394,0.04355754464498096
2023-02-08 00:00:00,-0.008539115343558536,0.039678132020908974
2023-02-09 00:00:00,-0.008905363295428154,0.03564694883031927
2023-02-10 00:00:00,-0.0004958984465900205,0.035423874438545555
2023-02-13 00:00:00,0.006959996894768394,0.03854749887183129
2023-02-14 00:00:00,0.0031212620021110297,0.03995405781103134
2023-02-15 00:00:00,0.0004394514242241298,0.040152509759656896
2023-02-16 00:00:00,-0.011160911304758525,0.03509475380468219
2023-02-17 00:00:00,-0.0022652076704932026,0.0340758083327215
2023-02-21 00:00:00,-0.020479112038071873,0.02482492243232093
2023-02-22 00:00:00,-0.0027435032292173036,0.023602906597648632
2023-02-23 00:00:00,0.007892055796743448,0.027103481670231133
2023-02-24 00:00:00,-0.011417558824541596,0.021993957574737433
2023-02-27 00:00:00,0.0038077389918299673,0.023682191949627507
2023-02-28 00:00:00,0.0008672474520829918,0.024067657875345372
2023-03-01 00:00:00,0.0012682005495022242,0.024631483988994507
2023-03-02 00:00:00,0.005059916632041162,0.026879891332641792
2023-03-03 00:00:00,0.014911498571644331,0.0335021144481642
2023-03-06 00:00:00,-0.0074709570468624135,0.030141704337176778
2023-03-07 00:00:00,-0.01727791745937221,0.022373704481413403
2023-03-08 00:00:00,0.0049270040583297425,0.024558308828908526
2023-03-09 00:00:00,-0.012231899090499298,0.019096650783263946
2023-03-10 00:00:00,-0.006888350109724583,0.01604198782152566
2023-03-13 00:00:00,0.003679838079640121,0.01766407156267702
2023-03-14 00:00:00,0.012585390512510564,0.023206713116087352
2023-03-15 00:00:00,-0.005846628853778195,0.02060431923813466
2023-03-16 00:00:00,0.016440068191935532,0.027857664052725717
2023-03-17 00:00:00,0.00016772502357106488,0.02793253176266619
2023-03-20 00:00:00,0.008670394618393973,0.03179376645288445
2023-03-21 00:00:00,0.0014800104604996587,0.03245668518605127
2023-03-22 00:00:00,-0.0073513720072237105,0.029153521150476536
2023-03-23 00:00:00,0.008001540698038384,0.03272179479880122
2023-03-24 00:00:00,-0.0018021443704997642,0.031913110961358626
2023-03-27 00:00:00,-0.002797627638059857,0.030658348890412634
2023-03-28 00:00:00,0.0021279610611460503,0.03161027123964333
2023-03-29 00:00:00,0.010555193299872312,0.03632519551171076
2023-03-30 00:00:00,0.008070534293026394,0.03994924642528641
2023-03-31 00:00:00,0.008770054382923997,0.043900409857325906
2023-04-03 00:00:00,0.002900985211831625,0.0452145235058965
2023-04-04 00:00:00,-0.0016633589241243905,0.04445911794358426
2023-04-05 00:00:00,-0.005962657879993444,0.04174986360917998
2023-04-06 00:00:00,-0.002939977462414395,0.04041863292198733
2023-04-10 00:00:00,0.0031132851815534376,0.04182412806503466
2023-04-11 00:00:00,0.004738626573745564,0.04396529316186171
2023-04-12 00:00:00,-0.004027121795486754,0.04213735881429104
2023-04-13 00:00:00,0.012224163591765303,0.04765093947793986
2023-04-14 00:00:00,-0.009464693850545547,0.04333302184017751
2023-04-17 00:00:00,0.0010536347055643493,0.04381029603510389
2023-04-18 00:00:00,0.0019231733270283768,0.044681637220336023
2023-04-19 00:00:00,-0.0031514960900519305,0.04325052844699573
2023-04-20 00:00:00,-0.0012762398604401924,0.042672083434760255
2023-04-21 00:00:00,-0.005908063919223783,0.039992269543048575
2023-04-24 00:00:00,0.000902804962083831,0.04039992897605171
2023-04-25 00:00:00,-0.014710303754972266,0.033725355808240876
2023-04-26 00:00:00,-0.005572188496171021,0.031219816441031556
2023-04-27 00:00:00,0.0117139741444219,0.03644867907728733
2023-04-28 00:00:00,0.007983008265484747,0.04003394203443489
2023-05-01 00:00:00,-0.0008371187430581575,0.03965574183308207
2023-05-02 00:00:00,-0.0022981456029086845,0.038617415273668465
2023-05-03 00:00:00,-0.0008261225672157142,0.03824469251513496
2023-05-04 00:00:00,-0.0030800008192131134,0.03685469616867665
2023-05-05 00:00:00,0.008774556444212366,0.04079611951273976
2023-05-08 00:00:00,0.0007833449590469387,0.04115012242117322
2023-05-09 00:00:00,-0.0018802528353783596,0.040299483879405074
2023-05-10 00:00:00,0.00191409088283952,0.041163795377281875
2023-05-11 00:00:00,-0.007055858873790604,0.03796694476284079
2023-05-12 00:00:00,-0.0016458892026367856,0.03722465966679911
2023-05-15 00:00:00,0.008504167666075878,0.04104628105660546
2023-05-16 00:00:00,-0.012138846552595879,0.035539093631419716
2023-05-17 00:00:00,0.011661224808459113,0.0407662899518233
2023-05-18 00:00:00,0.005617149718382497,0.04330121416445998
2023-05-19 00:00:00,0.0007630530676247362,0.04364687888729857
2023-05-22 00:00:00,0.0012178458618659126,0.044198677598909164
2023-05-23 00:00:00,-0.007074628392425247,0.04098396250998837
2023-05-24 00:00:00,-0.011199355979998582,0.0359046721154519
2023-05-25 00:00:00,0.010037977794843977,0.04040787939374635
2023-05-26 00:00:00,0.016065882475993554,0.0476344280344112
2023-05-30 00:00:00,0.0028983086069260923,0.04895202643684282
2023-05-31 00:00:00,-0.008503762657153217,0.04506874311017239
2023-06-01 00:00:00,0.011039551691505755,0.050063681713908625
2023-06-02 00:00:00,0.007965071152349987,0.05368789810732011
2023-06-05 00:00:00,-0.003498846548049456,0.05208520054809451
2023-06-06 00:00:00,0.007965918524892823,0.055716779506014724
2023-06-07 00:00:00,-0.002119625126614477,0.05474436510343916
2023-06-08 00:00:00,0.007805710456544285,0.058312061861438114
2023-06-09 00:00:00,-0.0013344156794958151,0.057698507287120115
2023-06-12 00:00:00,0.007971947064454277,0.06135221902959209
2023-06-13 00:00:00,0.00412081797654581,0.06324945722702724
2023-06-14 00:00:00,0.001052675212066767,0.06373539942882633
2023-06-15 00:00:00,0.007964471642707454,0.06740652701716887
2023-06-16 00:00:00,-0.0033146107713156957,0.0658685339117342
2023-06-20 00:00:00,-0.008088487496553526,0.062115763948075386
2023-06-21 00:00:00,-0.005757222359125685,0.05945578653560091
2023-06-22 00:00:00,-0.004862045296253725,0.05721559827266676
2023-06-23 00:00:00,-0.0075302403847692925,0.05375074857187512
2023-06-26 00:00:00,0.001121276753045514,0.05426372492435472
2023-06-27 00:00:00,0.011257477445077657,0.05940176706803291
2023-06-28 00:00:00,-0.001769771038928436,0.058587100984719864
2023-06-29 00:00:00,0.0038065265059313846,0.06033522743522046
2023-06-30 00:00:00,0.010003312495407903,0.06492876389139135
2023-07-03 00:00:00,0.003980912667577319,0.06676783802982533
2023-07-05 00:00:00,-0.007835636750273194,0.06312957626583926
2023-07-06 00:00:00,-0.009397383963019418,0.05877910784369189
2023-07-07 00:00:00,0.004850684168386604,0.061006506250143255
2023-07-10 00:00:00,0.007391190792627678,0.06440519481285367
2023-07-11 00:00:00,0.0070159548634882276,0.06764201463512243
2023-07-12 00:00:00,0.01312606521902585,0.07370574798161522
2023-07-13 00:00:00,0.008100919071979563,0.07747462362712243
2023-07-14 00:00:00,-0.005455333772941751,0.07491789740864396
2023-07-17 00:00:00,0.006248572297841582,0.07782978522660322
2023-07-18 00:00:00,0.009910182941747302,0.082455760936055
2023-07-19 00:00:00,0.0006790534536412762,0.08277492577100354
2023-07-20 00:00:00,-0.011488258728563388,0.07735498985552391
2023-07-21 00:00:00,-0.0007077409834715443,0.07702377908783187
2023-07-24 00:00:00,0.0007941760548397233,0.0773951679400311
2023-07-25 00:00:00,0.0053279960684640745,0.07988442676108543
2023-07-26 00:00:00,0.0016736027797616907,0.08066895489260961
2023-07-27 00:00:00,-0.008933069358743096,0.07646576712181608
2023-07-28 00:00:00,0.010781856152230861,0.08149103260403501
2023-07-31 00:00:00,0.00406940869183563,0.0834001798389068
2023-08-01 00:00:00,-0.006482252441899338,0.08034457341313561
2023-08-02 00:00:00,-0.014867961914156517,0.07333914231181682
2023-08-03 00:00:00,-0.0027398537765643436,0.07206098124959426
2023-08-04 00:00:00,-0.0008069684674172628,0.0716851788702686
2023-08-07 00:00:00,0.005342806877435602,0.07416811772428433
2023-08-08 00:00:00,-0.008712517352292748,0.07009362029265809
2023-08-09 00:00:00,-0.008450673851959661,0.06615686089271233
2023-08-10 00:00:00,-0.0019445458212802747,0.06525598981071301
2023-08-11 00:00:00,-0.004232664684591608,0.06329546227408867
2023-08-14 00:00:00,0.004300941984864937,0.06527915492780223
2023-08-15 00:00:00,-0.010178799400591559,0.060556355042305166
2023-08-16 00:00:00,-0.010256192718285073,0.05581863859403291
2023-08-17 00:00:00,-0.0073016242386856,0.05246363832991219
2023-08-18 00:00:00,0.002130016070831875,0.053436638350404575
2023-08-21 00:00:00,0.006883916020010611,0.05657993138594297
2023-08-22 00:00:00,-0.0020482040964721893,0.05563953337965866
2023-08-23 00:00:00,0.01341696164955707,0.06176747089367818
2023-08-24 00:00:00,-0.011203371071708318,0.056584907906431114
2023-08-25 00:00:00,0.003112747444562469,0.05801199565374593
2023-08-28 00:00:00,0.007047583863292406,0.061243849650806315
2023-08-29 00:00:00,0.01604357314942676,0.06860493247750266
2023-08-30 00:00:00,0.004827405899623416,0.07084222815514507
2023-08-31 00:00:00,-0.001683594807557537,0.07005888090046097
2023-09-01 00:00:00,0.002848335368810639,0.07138149636048907
2023-09-05 00:00:00,-0.010070464477676079,0.0666823411317341
2023-09-06 00:00:00,-0.006048119179609396,0.06387571585579255
2023-09-07 00:00:00,-0.00610771378288933,0.061048845355557324
2023-09-08 00:00:00,-0.001049673584720917,0.06056500403868448
2023-09-11 00:00:00,0.0029104777431993353,0.06190446097130442
2023-09-12 00:00:00,-0.00501134360577371,0.059590048741893886
2023-09-13 00:00:00,-0.0015772990037677015,0.05886389248260815
2023-09-14 00:00:00,0.007814092244479254,0.06244936114808275
2023-09-15 00:00:00,-0.008093929751142198,0.0587061068902659
2023-09-18 00:00:00,0.001404673837788545,0.05935170576281634
2023-09-19 00:00:00,-0.0027447871524818868,0.05808792808561214
2023-09-20 00:00:00,-0.006925401349989057,0.05489929906533697
2023-09-21 00:00:00,-0.01611340111391546,0.04748322305987562
2023-09-22 00:00:00,0.0009508052372587726,0.047915643482000725
2023-09-25 00:00:00,0.0013525574131124205,0.04853096241653598
2023-09-26 00:00:00,-0.01465159836235282,0.04183118283135867
2023-09-27 00:00:00,-0.0015208614730840456,0.04114275526115452
2023-09-28 00:00:00,0.00532196519892424,0.04354553624001922
2023-09-29 00:00:00,-0.005888119199679293,0.04087254681924457
2023-10-02 00:00:00,-0.007227932235880847,0.037598489498112286
2023-10-03 00:00:00,-0.013217324005443875,0.031620033472548936
2023-10-04 00:00:00,0.006069929135110808,0.03433487058240137
2023-10-05 00:00:00,-0.001636186812425894,0.03359954532730769
2023-10-06 00:00:00,0.01108224295215603,0.03855871119532517
2023-10-09 00:00:00,0.011837438930129895,0.04388010615703397
2023-10-10 00:00:00,0.005812685537273976,0.046510975598679005
2023-10-11 00:00:00,0.006435697487203995,0.04943065441794858
2023-10-12 00:00:00,-0.0076049179502738155,0.04595713681973601
2023-10-13 00:00:00,0.005374737716887557,0.048394928443984186
2023-10-16 00:00:00,0.007592830554508545,0.051844640924757046
2023-10-17 00:00:00,0.0017840125240565332,0.05265918540828207
2023-10-18 00:00:00,-0.0073969207429727905,0.04927047640098792
2023-10-19 00:00:00,-0.0036634466903429745,0.04759933848813991
2023-10-20 00:00:00,-0.008927713208749155,0.04352722198905923
2023-10-23 00:00:00,-0.004001403801677433,0.04171173658137817
2023-10-24 00:00:00,0.005817702842629767,0.044339403570072156
2023-10-25 00:00:00,-0.012581138585686335,0.03861277708676414
2023-10-26 00:00:00,-0.003908616582584862,0.036847788513587165
2023-10-27 00:00:00,0.00040239913433889364,0.037028967126774726
2023-10-30 00:00:00,0.00249064648211969,0.0381499052063341
2023-10-31 00:00:00,0.0036930486085516743,0.03981322739402815
2023-11-01 00:00:00,0.00678957975821286,0.042873433296038765
2023-11-02 00:00:00,0.018762783261724272,0.051326700816523685
2023-11-03 00:00:00,0.015280920882425919,0.058273827591310834
2023-11-06 00:00:00,-0.0048906186098584825,0.05602296981468746
2023-11-07 00:00:00,-0.0009045735507313968,0.05560800361983409
2023-11-08 00:00:00,-0.0052818723446936555,0.05318292944497349
2023-11-09 00:00:00,-0.004690818259388935,0.05103453516552703
2023-11-10 00:00:00,0.009816063184604762,0.05550278350715243
2023-11-13 00:00:00,0.0008094709153909698,0.055873759270649304
2023-11-14 00:00:00,0.027541876284990524,0.06840636748944107
2023-11-15 00:00:00,0.0007338194633847216,0.06874679126750527
2023-11-16 00:00:00,0.0019742457798434198,0.06966262791157107
2023-11-17 00:00:00,0.003919053081513635,0.07148120440862282
2023-11-20 00:00:00,0.005090077830394479,0.07384641179572649
2023-11-21 00:00:00,-0.0007467198919887003,0.07349809376487237
2023-11-22 00:00:00,0.000524153952767542,0.07374242561253563
2023-11-24 00:00:00,0.0036402060785408583,0.07543818349763187
2023-11-27 00:00:00,0.0010779117520508196,0.07594147617575864
2023-11-28 00:00:00,0.0033315112873981423,0.07749674519127847
2023-11-29 00:00:00,0.0032524415040591503,0.07901733029533053
2023-11-30 00:00:00,-0.00029056443762268125,0.07888115733207623
2023-12-01 00:00:00,0.016710169150792254,0.08667405538196915
2023-12-04 00:00:00,-0.010714893401655585,0.08160189362440451
2023-12-05 00:00:00,-0.005372581788950509,0.07907436481498875
2023-12-06 00:00:00,-0.0011392271847124823,0.07854030975862547
2023-12-07 00:00:00,0.008047165381054345,0.08230109130644703
2023-12-08 00:00:00,-0.0012028340726377485,0.08173552184008481
2023-12-11 00:00:00,0.0028802404785594924,0.0830875344011448
2023-12-12 00:00:00,0.0030283379051713136,0.08451078253799893
2023-12-13 00:00:00,0.023353128612999742,0.09543825412522033
2023-12-14 00:00:00,0.012907073989503215,0.10155643371970213
2023-12-15 00:00:00,-0.005933521810579478,0.09871305873144287
2023-12-18 00:00:00,0.003283447075777912,0.10027835221736159
2023-12-19 00:00:00,0.009245570802129045,0.10468480219365994
2023-12-20 00:00:00,-0.015677293450365976,0.09712985926197071
2023-12-21 00:00:00,0.013759202116176407,0.10366047570369408
2023-12-22 00:00:00,0.003940317402185001,0.10554702300132046
2023-12-26 00:00:00,0.009149998508669089,0.1099289228628626
2023-12-27 00:00:00,0.003915248853029263,0.11181412798506929
2023-12-28 00:00:00,-0.0028627844205668445,0.11043069796073257
2023-12-29 00:00:00,-0.005301548075488583,0.10787016104313829
2024-01-02 00:00:00,-0.009209368422553122,0.10342754991301706
2024-01-03 00:00:00,-0.015575494221067061,0.0959304253862423
2024-01-04 00:00:00,-0.001338598238716182,0.09529306940810511
2024-01-05 00:00:00,0.0015171803092963898,0.09601445187636615
2024-01-08 00:00:00,0.010413023674556453,0.1009564586451579
2024-01-09 00:00:00,-0.002662816172149601,0.09968230125735689
2024-01-10 00:00:00,0.0018182729200140189,0.10055023667843788
2024-01-11 00:00:00,-0.00026897178487556017,0.10042166836347599
2024-01-12 00:00:00,0.002408013655978503,0.10157169224002471
2024-01-16 00:00:00,-0.005140236407339688,0.09910898467777263
2024-01-17 00:00:00,-0.009332182989187232,0.09464257263745846
2024-01-18 00:00:00,0.012534268302451268,0.10058034026129237
2024-01-19 00:00:00,0.012960752706995671,0.10675271043279055
2024-01-22 00:00:00,0.004019964452873836,0.10868274040719728
2024-01-23 00:00:00,0.002058535580704557,0.10967333807308566
2024-01-24 00:00:00,-0.002957765495222537,0.10824672254580481
2024-01-25 00:00:00,0.005659488527533429,0.11096631748056263
2024-01-26 00:00:00,-0.003978991455838405,0.1090443424709755
2024-01-29 00:00:00,0.00985877367137955,0.113779665066988
2024-01-30 00:00:00,-0.001985819952267215,0.11281856724944128
2024-01-31 00:00:00,-0.012707109024612856,0.10665511563775065
2024-02-01 00:00:00,0.012388634110443341,0.11258853877062336
2024-02-02 00:00:00,0.0008999796763533243,0.11302329025984004
2024-02-05 00:00:00,-0.004492172181004455,0.11084909908941465
2024-02-06 00:00:00,0.0036549704019481766,0.1126105676018927
2024-02-07 00:00:00,0.005050344919059646,0.11504742058639117
2024-02-08 00:00:00,0.004510047169363462,0.117228671672577
2024-02-09 00:00:00,0.004898659177139708,0.11960224672592079
2024-02-12 00:00:00,0.0022128879279929453,0.1206775621778966
2024-02-13 00:00:00,-0.020453662636044034,0.11066446540098718
2024-02-14 00:00:00,0.010335211293047021,0.11563521538977772
2024-02-15 00:00:00,0.009317356283612077,0.12013776708477897
2024-02-16 00:00:00,-0.002929260778403076,0.11871158812707883
2024-02-20 00:00:00,-0.003883704259843467,0.11682261236430858
2024-02-21 00:00:00,-0.0010521733409403322,0.116312124871786
2024-02-22 00:00:00,0.017125437012546773,0.12457481527497483
2024-02-23 00:00:00,0.002635250490292651,0.1258609047190855
2024-02-26 00:00:00,-0.0006639826735904632,0.12553618595762872
2024-02-27 00:00:00,0.0016871916014327968,0.12636051586038266
2024-02-28 00:00:00,-0.0018668389629725225,0.1254468275387124
2024-02-29 00:00:00,0.007781301469084567,0.12924179875034802
2024-03-01 00:00:00,0.01791040969858195,0.13798139723743152
2024-03-04 00:00:00,0.008525235053644342,0.1421846157176978
2024-03-05 00:00:00,-0.004198390582088084,0.14009954869937902
2024-03-06 00:00:00,0.010257148433183438,0.14516360601121892
2024-03-07 00:00:00,0.01221068121357013,0.1512156027606526
2024-03-08 00:00:00,-0.004524614010439965,0.14895054498859772
2024-03-11 00:00:00,-0.0028313840139157775,0.1475365996877056
2024-03-12 00:00:00,0.002746263415005629,0.14890419009448497
2024-03-13 00:00:00,-0.0004669842824499951,0.1486711515477257
2024-03-14 00:00:00,-0.009114911429842925,0.1441122934966652
2024-03-15 00:00:00,-0.00337653524847083,0.14243294989717792
2024-03-18 00:00:00,0.0019075685589504676,0.14337888431803414
2024-03-19 00:00:00,0.002683772870213319,0.14471053677556167
2024-03-20 00:00:00,0.013298900799545599,0.15129727323957787
2024-03-21 00:00:00,0.006865642327721466,0.15472346583077212
2024-03-22 00:00:00,-0.005869694327446485,0.15177497049470223
2024-03-25 00:00:00,8.345877165663036e-05,0.15181671638086192
2024-03-26 00:00:00,-0.0006938857740336811,0.15146954738555185
2024-03-27 00:00:00,0.010615663885968796,0.15676234295972513
2024-03-28 00:00:00,0.006447880746345797,0.15999571232763699
2024-04-01 00:00:00,0.0027034708718864263,0.16135662617450808
2024-04-02 00:00:00,-0.0017026743091739399,0.1604974330536244
2024-04-03 00:00:00,0.005914168464658753,0.16347318900850527
2024-04-04 00:00:00,-0.012669210789734039,0.15704847038032477
2024-04-05 00:00:00,0.013054791048822779,0.163584440042579
2024-04-08 00:00:00,0.0049102352064114285,0.16606233251224656
2024-04-09 00:00:00,0.0042806708797481505,0.1682275071283681
2024-04-10 00:00:00,-0.014607725513776466,0.1607853501200076
2024-04-11 00:00:00,0.013174646111820365,0.16740240671279816
2024-04-12 00:00:00,-0.017739556268087563,0.1583629640119022
2024-04-15 00:00:00,-0.0014757675907322064,0.1576202385190597
2024-04-16 00:00:00,-0.0003512349549308515,0.15744363827291719
2024-04-17 00:00:00,-0.010648246013036433,0.15207485816606447
2024-04-18 00:00:00,-0.0016826274360020094,0.15123257173360827
2024-04-19 00:00:00,-0.006443358568117912,0.14800516917723838
2024-04-22 00:00:00,-0.0017665431687328937,0.14712397917686126
2024-04-23 00:00:00,0.00958632754403369,0.1518869026937133
2024-04-24 00:00:00,-0.00040623433551353894,0.15168365731039035
2024-04-25 00:00:00,0.003284249196644712,0.15332481638787399
2024-04-26 00:00:00,0.008916441256438166,0.1577796951584154
2024-04-29 00:00:00,0.002896436506444877,0.1592348822777092
2024-04-30 00:00:00,-0.020214169103437152,0.1489992635299937
2024-05-01 00:00:00,-0.001850774780177921,0.14807523549792467
2024-05-02 00:00:00,0.008030656503740607,0.1520702854533138
2024-05-03 00:00:00,0.00886988999538215,0.15649714343536214
2024-05-06 00:00:00,0.013603056039602091,0.1633033155538779
2024-05-07 00:00:00,-0.0020421804753828266,0.16227097626434817
2024-05-08 00:00:00,-0.0014813813521091291,0.1615229089915653
2024-05-09 00:00:00,0.009612540060028013,0.1663587691276387
2024-05-10 00:00:00,0.0054166959537238326,0.16909836751342322
2024-05-13 00:00:00,-0.0043338353988576946,0.16689523290711583
2024-05-14 00:00:00,0.009069112443684845,0.17147950857951755
2024-05-15 00:00:00,0.014870631930272805,0.17901361851148412
2024-05-16 00:00:00,-0.004036606912670476,0.17694435300594313
2024-05-17 00:00:00,0.0059261077892467096,0.1799683646002015
2024-05-20 00:00:00,0.00499829212165423,0.18252614630685216
2024-05-21 00:00:00,-0.0005492409828554257,0.18224403175867532
2024-05-22 00:00:00,-0.00833989374287379,0.17795183413994908
2024-05-23 00:00:00,-0.012761026102042656,0.1713998522354463
2024-05-24 00:00:00,0.007884178782731632,0.17540188213529384
2024-05-28 00:00:00,0.005388206902188558,0.17814822284739873
2024-05-29 00:00:00,-0.012198521629668328,0.17188501346491392
2024-05-30 00:00:00,-4.8076234540644696e-05,0.17186054505977677
2024-05-31 00:00:00,0.0019754762837069615,0.1728653680794301
2024-06-03 00:00:00,0.003462911028348925,0.17462754284626691
2024-06-04 00:00:00,-0.006541873438647994,0.17128411273357425
2024-06-05 00:00:00,0.017639563064380526,0.18021268296330017
2024-06-06 00:00:00,0.0002196347566734263,0.18032525192958282
2024-06-07 00:00:00,-0.017245529800443356,0.171441528036143
2024-06-10 00:00:00,0.00684101099762487,0.17491518585831312
2024-06-11 00:00:00,7.085960004158407e-05,0.17495134189520445
2024-06-12 00:00:00,0.010927556177577524,0.18051026199166453
2024-06-13 00:00:00,-0.0024857015430491737,0.1792349727496252
2024-06-14 00:00:00,0.0018800915688997727,0.18019732236213426
2024-06-17 00:00:00,0.004663335570028071,0.18258438473711736
2024-06-18 00:00:00,0.005157203710674352,0.18522921898117928
2024-06-20 00:00:00,-0.00045640604588882363,0.18499425887769738
2024-06-21 00:00:00,-0.008850562876872596,0.1804279809202738
2024-06-24 00:00:00,-0.001965340566655238,0.17941988181052526
2024-06-25 00:00:00,3.660768794457308e-05,0.1794386326432571
2024-06-26 00:00:00,-0.005115959959356354,0.17681431454465235
2024-06-27 00:00:00,0.005225487084943925,0.1794810405666345
2024-06-28 00:00:00,0.0013298752050892092,0.18016200257578197
2024-07-01 00:00:00,-0.001126613566762591,0.1795843863694908
2024-07-02 00:00:00,0.004406237026501191,0.18183883746664375
2024-07-03 00:00:00,0.008975062437009651,0.18643379269619365
2024-07-05 00:00:00,0.005362336451356159,0.18919261991407943
2024-07-08 00:00:00,-0.0008109580318464427,0.1887736965850355
2024-07-09 00:00:00,-0.0003499817909883074,0.1885929908459576
2024-07-10 00:00:00,0.009979683943236584,0.1937300311630521
2024-07-11 00:00:00,0.007202417899424119,0.19745640487300808
2024-07-12 00:00:00,0.006223010074150014,0.20068699519013156
2024-07-15 00:00:00,0.004008841382279626,0.20277504708793148
2024-07-16 00:00:00,0.017646091432901242,0.21194704583059165
2024-07-17 00:00:00,-0.01775111505043671,0.20255653880058389
2024-07-18 00:00:00,-0.007109411182356728,0.19883605729398313
2024-07-19 00:00:00,-0.01503104044569537,0.1909766420459822
2024-07-22 00:00:00,0.01238341134191333,0.19735947938222087
2024-07-23 00:00:00,-0.0003033314703337122,0.1972017314757264
2024-07-24 00:00:00,-0.0202186074889834,0.18662854487493052
2024-07-25 00:00:00,-0.00833772529927645,0.18232155186184706
2024-07-26 00:00:00,0.014395181499287656,0.18968325576889655
2024-07-29 00:00:00,-0.0023749681442466974,0.18845534881870574
2024-07-30 00:00:00,-0.001427254818452267,0.18771838847298516
2024-07-31 00:00:00,0.024244720642774043,0.20013959621601107
2024-08-01 00:00:00,-0.021107484514901673,0.18907166372138118
2024-08-02 00:00:00,-0.022377524624791135,0.17744173711339872
2024-08-05 00:00:00,-0.025029379846845685,0.16455098759901832
2024-08-06 00:00:00,0.006717760832438401,0.16794211604139808
2024-08-07 00:00:00,-0.009011332078068906,0.16335958511932902
2024-08-08 00:00:00,0.028616863775821677,0.17770267286970687
2024-08-09 00:00:00,0.002200449822277606,0.17882743675001622
2024-08-12 00:00:00,0.005891690083671842,0.18183872489319808
2024-08-13 00:00:00,0.013934084303500804,0.1889626325809688
2024-08-14 00:00:00,-0.0026899588210364147,0.18757258737087024
2024-08-15 00:00:00,0.017701871820604374,0.1966571421151453
2024-08-16 00:00:00,0.01033252568833911,0.2020113624774822
2024-08-19 00:00:00,0.0072146395788819095,0.2057699415461196
2024-08-20 00:00:00,-0.0034742543893122252,0.20394882505612522
2024-08-21 00:00:00,0.005301876437012298,0.2067168624998832
2024-08-22 00:00:00,-0.013245194598668703,0.19974926017458716
2024-08-23 00:00:00,0.017426982384427903,0.2087851368823852
2024-08-26 00:00:00,-0.0030325382768658033,0.20719178144900563
2024-08-27 00:00:00,0.0019263190272092614,0.2082011559686594
2024-08-28 00:00:00,-0.007905839016774835,0.20404352801758563
2024-08-29 00:00:00,0.0017052261674023353,0.20493477721298814
2024-08-30 00:00:00,0.005058877299279974,0.20757829203461697
2024-09-03 00:00:00,-0.0252735197412196,0.19422770824366675
2024-09-04 00:00:00,-0.0015292013025263395,0.19343425000743109
2024-09-05 00:00:00,0.0010770374812925144,0.19399231062483868
2024-09-06 00:00:00,-0.018055928257154307,0.18458123916848912
2024-09-09 00:00:00,0.009464081697168425,0.18943713347498092
2024-09-10 00:00:00,0.003998583900036567,0.19150033462437466
2024-09-11 00:00:00,0.010209433258805033,0.1967681532951715
2024-09-12 00:00:00,0.012523144748633419,0.20325414895531924
2024-09-13 00:00:00,0.012806579105219863,0.20992235864598086
2024-09-16 00:00:00,2.1075276515058854e-05,0.20993343284964094
2024-09-17 00:00:00,-0.0004876710665457808,0.20967714223911416
2024-09-18 00:00:00,-0.005985620257901076,0.20652721944998054
2024-09-19 00:00:00,0.021803291651842013,0.21788221852172107
2024-09-20 00:00:00,0.00115038256001277,0.21849048045408836
2024-09-23 00:00:00,0.003005139088946812,0.22007940141897242
2024-09-24 00:00:00,0.009225327280751082,0.22495496577935103
2024-09-25 00:00:00,-0.0026911598366923086,0.22352220115044763
2024-09-26 00:00:00,0.009007140116058897,0.22829617908404698
2024-09-27 00:00:00,-0.004732053639904571,0.2257685146800712
2024-09-30 00:00:00,-0.002605805207580969,0.22438030477342275
2024-10-01 00:00:00,-0.00482155117451924,0.2218129800539892
2024-10-02 00:00:00,0.0015066778419136617,0.22261212300093813
2024-10-03 00:00:00,-0.0011528701637539718,0.22199977953048866
2024-10-04 00:00:00,0.007107036531144628,0.22576398481209714
2024-10-07 00:00:00,-0.006111250681486225,0.22250506456133068
2024-10-08 00:00:00,0.0021141494258236303,0.22362685352077816
2024-10-09 00:00:00,0.0025649197478190833,0.2249889012317805
2024-10-10 00:00:00,0.0007233003790938832,0.22537362261995386
2024-10-11 00:00:00,0.01157632173686466,0.23151417724031154
2024-10-14 00:00:00,0.006518907762266146,0.23499434156309817
2024-10-15 00:00:00,-0.00881867240573389,0.2302525829713662
2024-10-16 00:00:00,0.006487237076072372,0.23371232267010278
2024-10-17 00:00:00,0.004483109332730356,0.2361113089818454
2024-10-18 00:00:00,0.0052452973137945835,0.23892300873935124
2024-10-21 00:00:00,-0.003540268507732358,0.23701622995918337
2024-10-22 00:00:00,0.0011352940969816378,0.23762594749792498
2024-10-23 00:00:00,-0.009879577173610994,0.2323008166481353
2024-10-24 00:00:00,0.004629747280675023,0.23477533459225475
2024-10-25 00:00:00,0.000991165749402978,0.23530670434922163
2024-10-28 00:00:00,0.003142303840968697,0.23699101324240512
2024-10-29 00:00:00,0.007039289825566292,0.24076514704584895
2024-10-30 00:00:00,-0.002304237176500834,0.23952268142552136
2024-10-31 00:00:00,-0.020472364607104776,0.22843753413488121
2024-11-01 00:00:00,0.0014116568207969578,0.22919035769632168
2024-11-04 00:00:00,0.0007057844121070799,0.22956705181721637
2024-11-05 00:00:00,0.012108912018151485,0.23601113270502205
2024-11-06 00:00:00,0.011722808758306415,0.24228311333862695
2024-11-07 00:00:00,0.011264595447807346,0.2483412996751937
2024-11-08 00:00:00,-0.0004082352096648643,0.2481199503179039
2024-11-11 00:00:00,-0.009012627167701272,0.2432221284998628
2024-11-12 00:00:00,-0.008560102965102373,0.238589078278735
2024-11-13 00:00:00,-0.007988936689770632,0.234281978770833
2024-11-14 00:00:00,-0.005697369614383862,0.2312230139023561
2024-11-15 00:00:00,-0.011229967814116497,0.22519901361176897
2024-11-18 00:00:00,0.010622500713382632,0.23083432707361418
2024-11-19 00:00:00,0.006839613829539704,0.23448335748932192
2024-11-20 00:00:00,0.002104046476737426,0.23561072787457493
2024-11-21 00:00:00,0.01153473335244969,0.24178040982876814
2024-11-22 00:00:00,0.009667490824200476,0.24697988681850802
2024-11-25 00:00:00,-0.007493484513604222,0.24291310643883723
2024-11-26 00:00:00,-0.0006596296863647713,0.24255697827397427
2024-11-27 00:00:00,-0.001682854317335114,0.2416484174598421
2024-11-29 00:00:00,0.008071661911622086,0.2459910932802276
2024-12-02 00:00:00,-0.000133459441191453,0.2459188720392853
2024-12-03 00:00:00,-0.0002529500589936616,0.24578199205828977
2024-12-04 00:00:00,0.006737544895543968,0.2494203254850833
2024-12-05 00:00:00,-0.00917781675899956,0.2444273017148748
2024-12-06 00:00:00,0.0010257918363895781,0.2449815280009533
2024-12-09 00:00:00,-0.0008122359348521906,0.24454226034588
2024-12-10 00:00:00,-0.0013086033427007811,0.24383470109132888
2024-12-11 00:00:00,0.011903419570501528,0.25024329964949454
2024-12-12 00:00:00,-0.011555311681265773,0.2439484369291245
2024-12-13 00:00:00,-0.003820348199071806,0.24188229753499524
2024-12-16 00:00:00,0.004187287611355617,0.2441380112768421
2024-12-17 00:00:00,-0.008099896460604416,0.23975138717279632
2024-12-18 00:00:00,-0.03210341577710907,0.22230671374950983
2024-12-19 00:00:00,-0.002217017090076501,0.221129091178774
2024-12-20 00:00:00,0.014193435298603686,0.2286262931570031
2024-12-23 00:00:00,0.003384793475708313,0.23043064419342696
2024-12-24 00:00:00,0.008008323671159745,0.23470039272817278
2024-12-26 00:00:00,0.003985047040822532,0.23683486521790598
2024-12-27 00:00:00,-0.011050617503132043,0.2308803584434609
2024-12-30 00:00:00,-0.009188231634235945,0.22595582887420962
2024-12-31 00:00:00,0.0009601097084892936,0.2264668773498879
2025-01-02 00:00:00,0.005100672775760007,0.2291798301440271
2025-01-03 00:00:00,0.008434558301952421,0.2336717218512896
2025-01-06 00:00:00,0.005501521486780186,0.23661473586753212
2025-01-07 00:00:00,-0.005544674106395269,0.23363225744254001
2025-01-08 00:00:00,0.002304556737365404,0.23486614216208945
2025-01-10 00:00:00,-0.006784846613448768,0.23122045122846213
2025-01-13 00:00:00,-0.004842577919918512,0.2286275097348156
2025-01-14 00:00:00,0.006156488629122237,0.23190682463209056
2025-01-15 00:00:00,0.01686583306763677,0.24088754797584477
2025-01-16 00:00:00,0.006787861476056767,0.24453860001936834
2025-01-17 00:00:00,0.006490358359652881,0.248040196007435
2025-01-21 00:00:00,0.01198037278803945,0.2545118932818282
2025-01-22 00:00:00,0.00391749092915194,0.2566438902338146
2025-01-23 00:00:00,0.0013187752588279754,0.2573633481694999
2025-01-24 00:00:00,-0.001607049398345766,0.2564853939559657
2025-01-27 00:00:00,-0.024701964674235306,0.24291049525969322
2025-01-28 00:00:00,0.008850963783013676,0.24767624363907026
2025-01-29 00:00:00,-0.003239231757952188,0.24591942616691154
2025-01-30 00:00:00,0.01617908344859712,0.25463413430314685
2025-01-31 00:00:00,-0.0070017678166650835,0.25081142280546964
2025-02-03 00:00:00,-0.0034695455958466234,0.24892484154267858
2025-02-04 00:00:00,0.007838768240102201,0.2531672098888995
2025-02-05 00:00:00,0.008438971819731812,0.25774915126638587
2025-02-06 00:00:00,0.0007270514035297825,0.2581462094706226
2025-02-07 00:00:00,-0.005831052929246011,0.2549548164021931
2025-02-10 00:00:00,0.012410218286025487,0.26169504275583244
2025-02-11 00:00:00,-0.002275052593260679,0.26044763091638634
2025-02-12 00:00:00,-0.004613915492329429,0.25791864430145073
2025-02-13 00:00:00,0.011951906655531551,0.26442611919351866
2025-02-14 00:00:00,-0.008410212749995316,0.2597967566255912
2025-02-18 00:00:00,0.012708818066761031,0.2667252098024102
2025-02-19 00:00:00,0.0007183031225715564,0.2671202909132575
2025-02-20 00:00:00,-0.003406005581271715,0.26524414568204113
2025-02-21 00:00:00,-0.0167193012763172,0.2560132512804887
2025-02-24 00:00:00,-0.0036268592197944423,0.25403284007274274
2025-02-25 00:00:00,-0.009912522482248014,0.24861907142571726
2025-02-26 00:00:00,0.00403770670202287,0.25080609672438325
2025-02-27 00:00:00,-0.023561548707121537,0.23792067126192218
2025-02-28 00:00:00,0.007792348415403038,0.24210081380687698
2025-03-03 00:00:00,-0.011732478279059454,0.23575074214019542
2025-03-04 00:00:00,-0.002697438148406749,0.23430197567713673
2025-03-05 00:00:00,0.009513093574974074,0.2393878205551634
2025-03-06 00:00:00,-0.018274241907562938,0.22950020644406655
2025-03-07 00:00:00,0.007635422151368631,0.23356848553068055
2025-03-10 00:00:00,-0.02541589799079127,0.21985317041946817
2025-03-11 00:00:00,-8.315667601716502e-05,0.21980911501354705
2025-03-12 00:00:00,0.0069474401519450885,0.22348235931729343
2025-03-13 00:00:00,-0.0013953658412848451,0.22274063654967247
2025-03-14 00:00:00,0.017662580616576117,0.23207355682303477
2025-03-17 00:00:00,0.010096399103871367,0.2374606183950314
2025-03-18 00:00:00,-0.002894852678019132,0.23590358414837342
2025-03-19 00:00:00,0.01028060494225471,0.2414056983615136
2025-03-20 00:00:00,-0.0026613172673807303,0.23996980578868454
2025-03-21 00:00:00,-0.006747879771449495,0.2363290310224122
2025-03-24 00:00:00,0.014671987051182644,0.24417442875058715
2025-03-25 00:00:00,0.00017082665207063269,0.24426672843767827
2025-03-26 00:00:00,-0.009884424999633218,0.23891038989383562
2025-03-27 00:00:00,0.0007615299892963386,0.23932004436257337
2025-03-28 00:00:00,-0.013231264810872523,0.23217174491153258
2025-03-31 00:00:00,0.008754421598356977,0.2368449105408077
2025-04-01 00:00:00,0.0019249528770092783,0.23787834602427527
2025-04-02 00:00:00,0.008649215764202856,0.24251687214211204
2025-04-03 00:00:00,-0.05044305447708316,0.21489793949732383
2025-04-04 00:00:00,-0.05385886647252901,0.18603522014535168
2025-04-07 00:00:00,-0.009843614064322364,0.1809506969541077
2025-04-08 00:00:00,-0.014484232023829863,0.1734913518442387
2025-04-09 00:00:00,0.093429355494933,0.21990635308862938
2025-04-10 00:00:00,-0.021333842245705392,0.20853473951196166
2025-04-11 00:00:00,0.021050328217549666,0.219518143020641
2025-04-14 00:00:00,0.0048958828918871265,0.2221075677920068
2025-04-15 00:00:00,0.0016663156821737856,0.22299155598310794
2025-04-16 00:00:00,-0.002424050737449166,0.2217031654520909
2025-04-17 00:00:00,4.895003607101019e-05,0.22172913695091467
2025-04-21 00:00:00,-0.005130844480193647,0.21900279950950008
2025-04-22 00:00:00,0.013370195688573203,0.22605448050382604
2025-04-23 00:00:00,0.0037733988712603905,0.22806155702124076
2025-04-24 00:00:00,0.02549047866266794,0.24155991972894886
2025-04-25 00:00:00,-0.0008852944358239027,0.24108244705955273
2025-04-28 00:00:00,0.006026810842833863,0.24432534929165595
2025-04-29 00:00:00,-0.0009072702504953514,0.24383493127198608
2025-04-30 00:00:00,-0.002743695292742643,0.24235166087099413
2025-05-01 00:00:00,-0.0042602180825940805,0.24005029923503174
2025-05-02 00:00:00,0.015431489606920035,0.2483248966284426
2025-05-05 00:00:00,0.00823351328439157,0.25277826757641053
2025-05-06 00:00:00,0.0057070212110457,0.2558783159298248
2025-05-07 00:00:00,-0.000736480924272176,0.2554765400400687
2025-05-08 00:00:00,-0.0006212288988999169,0.2551377575979914
2025-05-09 00:00:00,0.0035970496855472047,0.2570965160314451
2025-05-12 00:00:00,0.017065514217589093,0.26636885808130684
2025-05-13 00:00:00,0.01018375504897855,0.2719536411829966
2025-05-14 00:00:00,-0.009314246899971514,0.26679480673320133
2025-05-15 00:00:00,0.009701437883630504,0.2721175967032592
2025-05-16 00:00:00,-0.0002666805606091286,0.27197025160472177
2025-05-19 00:00:00,0.00437183430230485,0.27438231549884495
2025-05-20 00:00:00,0.00557513717285903,0.27746306364235473
2025-05-21 00:00:00,-0.012123117309838238,0.2707140064610847
2025-05-22 00:00:00,-0.0044608733969166755,0.2682490971896563
2025-05-23 00:00:00,0.0036125225007943747,0.27023682207703836
2025-05-27 00:00:00,0.010036337071998734,0.2757578005268644
2025-05-28 00:00:00,-0.007513396082327672,0.2715860874238065
2025-05-29 00:00:00,0.005848791046250767,0.27481071307895655
2025-05-30 00:00:00,-0.005910604118924374,0.2715328591743049
2025-06-02 00:00:00,0.014136427492869513,0.27930828704914634
2025-06-03 00:00:00,0.005788636360139964,0.2825191832741656
2025-06-04 00:00:00,0.00317559316187212,0.28428637396613143
2025-06-05 00:00:00,-0.004043985449639675,0.2820282212712284
2025-06-06 00:00:00,0.0015766161253088376,0.2829056549563791
2025-06-09 00:00:00,0.004928746729135902,0.2856479312594369
2025-06-10 00:00:00,0.006706909615442258,0.2893856535342332
2025-06-11 00:00:00,-0.00020849111798844084,0.2892688972361839
2025-06-12 00:00:00,0.00670392743278045,0.29301548313736525
2025-06-13 00:00:00,-0.006503250501056561,0.2893568457171831
2025-06-16 00:00:00,0.0039325938337409164,0.2915564986981787
2025-06-17 00:00:00,-0.006130377977865264,0.288111890749168
2025-06-18 00:00:00,-0.0006084038406392102,0.28777147895231003
2025-06-20 00:00:00,-0.002262150503644811,0.28650551093377374
2025-06-23 00:00:00,0.00863442986154319,0.29131802963904296
2025-06-24 00:00:00,0.005433282008814176,0.2943604114566283
2025-06-25 00:00:00,0.00038388799996553796,0.29457618436672606
2025-06-26 00:00:00,0.006312502893157167,0.29811892969427256
2025-06-27 00:00:00,-0.004080958791608002,0.29581556293772393
2025-06-30 00:00:00,0.006998292998261974,0.29974619347691367
2025-07-01 00:00:00,0.005167008700613124,0.30265857709830324
2025-07-02 00:00:00,0.00930604429134112,0.30790956344424236
2025-07-03 00:00:00,0.0018327494100614963,0.3089500587719607
2025-07-07 00:00:00,-0.006904067797164376,0.3050176126826294
2025-07-08 00:00:00,-0.0014451486668766113,0.30419822235578264
2025-07-09 00:00:00,0.006347333187184722,0.30778695720816396
2025-07-10 00:00:00,0.004852034934720506,0.31053896905292744
2025-07-11 00:00:00,0.0007883381359551022,0.31098755945281975
2025-07-14 00:00:00,-0.0015741407392223018,0.3100909157018368
2025-07-15 00:00:00,-0.005577456784684587,0.30691251563238064
2025-07-16 00:00:00,0.003920607042495921,0.30913533026988604
2025-07-17 00:00:00,0.005133506332561033,0.3120497599295948
2025-07-18 00:00:00,-0.00015811155288908993,0.311959661412039
2025-07-21 00:00:00,0.005989148600765775,0.3153663766860404
2025-07-22 00:00:00,0.005034577798547258,0.3182383263950852
2025-07-23 00:00:00,0.0005266524205236537,0.3185397919159165
2025-07-24 00:00:00,-0.004790871174564121,0.31579264656808004
2025-07-25 00:00:00,-0.0009403378984010891,0.3152551554898202
2025-07-28 00:00:00,-0.001625709376735402,0.31432610982142917
2025-07-29 00:00:00,-8.723841613011432e-05,0.31427631250541355
2025-07-30 00:00:00,-0.00720416234612003,0.3101558886972773
2025-07-31 00:00:00,-0.004181841321794749,0.30777362761122595
2025-08-01 00:00:00,-0.003796673752893326,0.3056149527684515
2025-08-04 00:00:00,0.015108084104569685,0.31414523697190355
2025-08-05 00:00:00,-0.002828426544984469,0.3125296869725709
2025-08-06 00:00:00,0.0014458398421889895,0.31335351416583657
2025-08-07 00:00:00,0.005673766609393987,0.3165845512696115
2025-08-08 00:00:00,0.0017898700144446719,0.31760745517790134
2025-08-11 00:00:00,-0.007816546844870254,0.3131246656010356
2025-08-12 00:00:00,0.012920276102804249,0.3204661294785156
2025-08-13 00:00:00,0.007431220100250513,0.3247187968060745
2025-08-14 00:00:00,-0.006034094803535955,0.321241329277695
2025-08-15 00:00:00,-0.004992588743768028,0.3183724866881452
2025-08-18 00:00:00,0.0004760467989977867,0.3186450162537491
2025-08-19 00:00:00,-0.0058491522397136455,0.31528976338379433
2025-08-20 00:00:00,0.0013353143246266409,0.3160522378608259
2025-08-21 00:00:00,-0.0036446345761304007,0.3139669800128895
2025-08-22 00:00:00,0.020494242669009566,0.3255949125511177
2025-08-25 00:00:00,-0.00439416756351208,0.32306204520996573
2025-08-26 00:00:00,0.006311437424925548,0.32668213508225064
2025-08-27 00:00:00,0.004766110404590052,0.3294245355473291
2025-08-28 00:00:00,0.004753571536780615,0.3321653848197115
2025-08-29 00:00:00,-0.0024337325920965203,0.3307563732654748
2025-09-02 00:00:00,0.003252380733218713,0.33263432839902896
2025-09-03 00:00:00,0.0031129599366358563,0.33443438802423264
2025-09-04 00:00:00,0.005886547593106294,0.33784020023774897
2025-09-05 00:00:00,0.00606185550566245,0.3413562191136179
2025-09-08 00:00:00,0.005607065625202036,0.34461741407492696
2025-09-09 00:00:00,-0.001015508361283779,0.3440242274623433
2025-09-10 00:00:00,0.0032692496880646514,0.3459307344400957
2025-09-11 00:00:00,0.00836494888553464,0.3508087817311363
2025-09-12 00:00:00,-0.0022106228052149453,0.34951111067717355
2025-09-15 00:00:00,0.006233290100291645,0.3531579297629095
2025-09-16 00:00:00,-0.00042509214460217937,0.3529080862341534
2025-09-17 00:00:00,-0.004454400298266148,0.3502875512558774
2025-09-18 00:00:00,0.009716782814595858,0.3559701087243121
2025-09-19 00:00:00,0.0025161129388805545,0.3574507701797418
2025-09-22 00:00:00,0.0117635610691055,0.36436284744249314
2025-09-23 00:00:00,-0.0001607411430356475,0.3642675983173913
2025-09-24 00:00:00,-0.00635323945878109,0.36049655575132245
2025-09-25 00:00:00,-0.0020064182400361787,0.3593103776970408
2025-09-26 00:00:00,0.0073146112762292,0.3636195925530006
2025-09-29 00:00:00,0.008859027139369358,0.3688529327916692
2025-09-30 00:00:00,0.0064498970484737845,0.3726803297526362
2025-10-01 00:00:00,0.0049845873000882715,0.37564770023781135
2025-10-02 00:00:00,0.001906444087109349,0.37678606538283366
2025-10-03 00:00:00,0.0037578072167183674,0.3790305896930344
2025-10-06 00:00:00,0.010942770962610983,0.38556410416890663
2025-10-07 00:00:00,-0.004691441468082524,0.3827373074942353
2025-10-08 00:00:00,0.01389776549276721,0.39105055494512597
2025-10-09 00:00:00,-0.011751580846912902,0.3839273802434171
2025-10-10 00:00:00,-0.019985863237108038,0.3718466135614893
2025-10-13 00:00:00,0.0253665469786728,0.38685260900908847
2025-10-14 00:00:00,0.003778399183434533,0.38912592067131113
2025-10-15 00:00:00,0.012899842652220227,0.39688005689591055
2025-10-16 00:00:00,0.003654248923573988,0.3990946466476628
2025-10-17 00:00:00,-0.006036844580477785,0.3954202614346103
2025-10-20 00:00:00,0.02332114784819206,0.4094613101961331
2025-10-21 00:00:00,-0.023969040013092992,0.3946886155771292
2025-10-22 00:00:00,-0.006963900303143256,0.3904622034584888
2025-10-23 00:00:00,0.00820512945506563,0.3954055850894569
2025-10-24 00:00:00,0.005204087716715122,0.3985547206861404
2025-10-27 00:00:00,-0.0038579050739728565,0.3962089264235509
2025-10-28 00:00:00,-0.004010893676740341,0.3937740925867046
2025-10-29 00:00:00,-0.002832278719064901,0.3920583150222008
2025-10-30 00:00:00,0.0009756492789618494,0.3926479940230969
2025-10-31 00:00:00,-0.0008583750907868893,0.3921287060622807
2025-11-03 00:00:00,0.002464803049183273,0.3936178731402735
2025-11-04 00:00:00,-0.019143516138919642,0.38196806806746886
2025-11-05 00:00:00,0.01198043073636158,0.3891342812413492
2025-11-06 00:00:00,-0.010043488804031652,0.38305780733083195
2025-11-07 00:00:00,0.004748214394479278,0.38590602212443326
2025-11-10 00:00:00,0.021494971425956123,0.3987658699806016
2025-11-11 00:00:00,0.00016359306891749494,0.3988652442944751
2025-11-12 00:00:00,0.008230692901784176,0.40385395903256316
2025-11-13 00:00:00,-0.017893861794191394,0.39288858259711334
2025-11-14 00:00:00,-0.007688141460004743,0.3882276883190616
2025-11-17 00:00:00,-0.015000184051235432,0.3791454090726232
2025-11-18 00:00:00,-0.0023132234665415416,0.3777589841116282
2025-11-19 00:00:00,0.003881166028136318,0.38007874765525385
2025-11-20 00:00:00,-0.015338373741297689,0.37084532375994606
2025-11-21 00:00:00,0.009678217906329289,0.37659156203679367
2025-11-24 00:00:00,0.018294315347651757,0.38747268604374074
2025-11-25 00:00:00,0.010019243636404962,0.39349297835640207
2025-11-26 00:00:00,0.010300059682451812,0.39970836991335634
2025-11-28 00:00:00,0.009832559901443728,0.40566890323533156
2025-12-01 00:00:00,-0.0010507941575497168,0.40502722969597915
2025-12-02 00:00:00,0.0003800170108501532,0.40525908947350175
2025-12-03 00:00:00,0.006232446336429653,0.4090560446378455
2025-12-04 00:00:00,-0.0005077368682121165,0.40874529283157024
2025-12-05 00:00:00,0.0008483598433613959,0.40926420363478155
2025-12-08 00:00:00,-0.0013357422666084363,0.40844637263513683
2025-12-09 00:00:00,0.002052181155727051,0.40970092393893376
2025-12-10 00:00:00,0.010950627380934152,0.416384527429819
2025-12-11 00:00:00,0.0066920741950159245,0.4204932446673697
2025-12-12 00:00:00,-0.010168000514271053,0.4142023421593455
2025-12-15 00:00:00,-0.0010375191604606315,0.41356493125330873
2025-12-16 00:00:00,-0.0031610059788487136,0.41162264086442524
2025-12-17 00:00:00,-0.005853181969051485,0.40802833052436305
2025-12-18 00:00:00,0.005810098579851919,0.4115753784598126
2025-12-19 00:00:00,0.007420661097060687,0.4161150243990672
2025-12-22 00:00:00,0.015650924166352397,0.42569824745027396
2025-12-23 00:00:00,0.005900063938957423,0.4293453291708216
2025-12-24 00:00:00,0.0004605673969131696,0.4296311922732605
2025-12-26 00:00:00,0.0058463785782303665,0.4332551128912949
2025-12-29 00:00:00,-0.020922516143694787,0.42015386761807316
2025-12-30 00:00:00,-0.0016696193276907912,0.41912361813690113
2025-12-31 00:00:00,-0.009493548849527479,0.41325678732128135
2026-01-02 00:00:00,0.0104505713981494,0.4196521729966529
2026-01-05 00:00:00,0.017878507522164723,0.4306198864329609
2026-01-06 00:00:00,0.01430584654566561,0.43947255632742754
2026-01-07 00:00:00,-0.009151708412153093,0.4337364390981262
2026-01-08 00:00:00,0.0028800113888220566,0.43552825935501227
2026-01-09 00:00:00,0.01042233487308437,0.44200692897961935
2026-01-12 00:00:00,0.00911878745212239,0.44770296141275256
2026-01-13 00:00:00,-0.0007919598194216449,0.44720492139857626
2026-01-14 00:00:00,0.003048772294072899,0.44911946494733224
2026-01-15 00:00:00,0.004036118080404593,0.4516566802499382
2026-01-16 00:00:00,-0.0015793843999803827,0.4506605177181031
2026-01-20 00:00:00,0.0013967537043658514,0.4515401445048486
2026-01-21 00:00:00,0.019484232595637696,0.46375591175614694
2026-01-22 00:00:00,0.009954773253637274,0.4700664454999588
2026-01-23 00:00:00,0.000490898270786023,0.4703798119422995
2026-01-26 00:00:00,0.006969425897392563,0.4748215912314966
2026-01-27 00:00:00,0.01367126871465078,0.4835445112273158
2026-01-28 00:00:00,0.017256376173861398,0.49460892679210433
2026-01-29 00:00:00,0.001516011104845039,0.4955925485889987
2026-01-30 00:00:00,-0.05014116121322432,0.4625500916488099
2026-02-02 00:00:00,-0.00996589679475478,0.4562020416477328
2026-02-03 00:00:00,0.018459427174880357,0.4678157883043763
2026-02-04 00:00:00,-0.005253777393343329,0.46446170218938887
2026-02-05 00:00:00,-0.017372025450296993,0.45335817309083115
2026-02-06 00:00:00,0.03364530624878145,0.4743959743135504
2026-02-09 00:00:00,0.013865272964487153,0.48323964491320526
2026-02-10 00:00:00,-0.005147152757505092,0.4799192004630535
2026-02-11 00:00:00,0.008594866502378923,0.48542992981700994
2026-02-12 00:00:00,-0.026065944976125834,0.46848873013368064
2026-02-13 00:00:00,0.014790431406213899,0.4778822646126619
2026-02-17 00:00:00,-0.01232689664664806,0.46994265208854347
2026-02-18 00:00:00,0.013537157162857272,0.4785517520618008
2026-02-19 00:00:00,-0.0008914511763031984,0.47797918290700037
2026-02-20 00:00:00,0.012989566934058026,0.4862864748491036
2026-02-23 00:00:00,0.0019344371080248458,0.4875344444237042
2026-02-24 00:00:00,0.0019945980196133693,0.48882228437052166
2026-02-25 00:00:00,0.004657012019416839,0.49182949236931073
2026-02-26 00:00:00,-0.0003057101153469133,0.4916314076989765
2026-02-27 00:00:00,-0.0004655970721162353,0.4913297507904828
2026-03-02 00:00:00,0.0057303451512287105,0.4950351617402675
2026-03-03 00:00:00,-0.029499887169971165,0.4757189818340015
2026-03-04 00:00:00,0.009529467468618458,0.4818100044963176
2026-03-05 00:00:00,-0.011612751751356903,0.47431201466683626
2026-03-06 00:00:00,-0.008819121262594992,0.46865110745184824
2026-03-09 00:00:00,0.008399009995340677,0.4739955520818466
2026-03-10 00:00:00,0.0024951993860318883,0.4755917234491318
2026-03-11 00:00:00,-0.0011628701978999957,0.4748462628838652
2026-03-12 00:00:00,-0.02226799691672562,0.4604923231750748
2026-03-13 00:00:00,-0.007341187566659862,0.4558262210345698
2026-03-16 00:00:00,0.008025195849966683,0.46088873994882906
2026-03-17 00:00:00,0.003195448388730781,0.46291428171885296
2026-03-18 00:00:00,-0.02139479034912723,0.44923822016918136
2026-03-19 00:00:00,-0.016333526551126444,0.4389100574647664
2026-03-20 00:00:00,-0.0257430146238037,0.4227042341384122
2026-03-23 00:00:00,0.0015890094445047609,0.4236855986201049
2026-03-24 00:00:00,0.002095875361148675,0.4249807084515984
2026-03-25 00:00:00,0.017172459185202684,0.43555691567351507
2026-03-26 00:00:00,-0.0299950072705814,0.4166952040561891
2026-03-27 00:00:00,0.0021440426423810447,0.4180135548684025
2026-03-30 00:00:00,-0.007758464356670758,0.4132250895187435
2026-03-31 00:00:00,0.039610911804520484,0.4372696239787486
2026-04-01 00:00:00,0.013847665355344842,0.44587969918584425
2026-04-02 00:00:00,-0.0061748108935287815,0.4419955093839718
2026-04-06 00:00:00,0.003052942108804002,0.4439057681246237
2026-04-07 00:00:00,0.0056946810009068875,0.4474710554245118
2026-04-08 00:00:00,0.02607527735486903,0.4637434449961977
2026-04-09 00:00:00,0.008173567825850292,0.4689273854114915
2026-04-10 00:00:00,-0.0003799354175804127,0.4686849806771112
2026-04-13 00:00:00,0.007038218798226248,0.47316534623662565
2026-04-14 00:00:00,0.01646569462403743,0.48365124713605323
2026-04-15 00:00:00,-0.0023421447772576766,0.4821411049376676
2026-04-16 00:00:00,0.0020017499787119415,0.48342887399356393
2026-04-17 00:00:00,0.016609563101180513,0.4940796605471913
2026-04-20 00:00:00,-0.0021688432764959964,0.49267149770836416
2026-04-21 00:00:00,-0.014819087653057166,0.4830243091763058
2026-04-22 00:00:00,0.011898893010302225,0.49066238627106573
2026-04-23 00:00:00,-0.0025745922356883223,0.48899441473034044
2026-04-24 00:00:00,0.01152892353617152,0.4964255656599976
2026-04-27 00:00:00,-0.0027837181083902986,0.4946150303305945
2026-04-28 00:00:00,-0.015213700577807866,0.48469693439737105
2026-04-29 00:00:00,-0.0030805154508888773,0.4827088978062013
2026-04-30 00:00:00,0.016898279850396533,0.4935386898136771
2026-05-01 00:00:00,0.001057788026426565,0.4942246036246767
2026-05-04 00:00:00,-0.011738451520710397,0.48658168112542977
2026-05-05 00:00:00,0.013428039819448734,0.4952183158850447
2026-05-06 00:00:00,0.025081044420161493,0.5113910162362205
2026-05-07 00:00:00,-0.00586564834752114,0.5075344630203784
2026-05-08 00:00:00,0.01080785605297291,0.5145890060478122
